subtopic,unique_years,question_count,years,question_ids_sample
Parliament & State Legislatures,12,28,"2014,2015,2016,2017,2018,2019,2020,2021,2022,2023,2024,2025","UPSC-2014-GS1-Q018,UPSC-2014-GS1-Q063,UPSC-2015-GS1-Q027,UPSC-2015-GS1-Q037,UPSC-2015-GS1-Q082,UPSC-2016-GS1-Q001,UPSC-2017-GS1-Q001,UPSC-2017-GS1-Q007,UPSC-2017-GS1-Q046,UPSC-2017-GS1-Q050,UPSC-2017-GS1-Q076,UPSC-2018-GS1-Q001"
Space Technology & Astronomy,12,18,"2014,2015,2016,2017,2018,2019,2020,2021,2022,2023,2024,2025","UPSC-2014-GS1-Q068,UPSC-2015-GS1-Q045,UPSC-2015-GS1-Q071,UPSC-2016-GS1-Q087,UPSC-2016-GS1-Q091,UPSC-2017-GS1-Q044,UPSC-2017-GS1-Q087,UPSC-2018-GS1-Q061,UPSC-2018-GS1-Q095,UPSC-2019-GS1-Q032,UPSC-2019-GS1-Q097,UPSC-2020-GS1-Q043"
Agriculture & Rural Development,11,29,"2014,2015,2016,2017,2018,2019,2020,2022,2023,2024,2025","UPSC-2014-GS1-Q004,UPSC-2014-GS1-Q094,UPSC-2015-GS1-Q013,UPSC-2015-GS1-Q024,UPSC-2015-GS1-Q062,UPSC-2015-GS1-Q097,UPSC-2016-GS1-Q021,UPSC-2016-GS1-Q024,UPSC-2016-GS1-Q048,UPSC-2017-GS1-Q032,UPSC-2017-GS1-Q033,UPSC-2017-GS1-Q072"
Biotechnology & Genetics,11,19,"2014,2015,2016,2017,2018,2019,2020,2021,2022,2023,2025","UPSC-2014-GS1-Q067,UPSC-2014-GS1-Q072,UPSC-2015-GS1-Q093,UPSC-2016-GS1-Q031,UPSC-2017-GS1-Q045,UPSC-2017-GS1-Q078,UPSC-2018-GS1-Q063,UPSC-2019-GS1-Q093,UPSC-2019-GS1-Q096,UPSC-2019-GS1-Q099,UPSC-2020-GS1-Q037,UPSC-2020-GS1-Q044"
Climate Change & Greenhouse Gases,11,22,"2014,2016,2017,2018,2019,2020,2021,2022,2023,2024,2025","UPSC-2014-GS1-Q053,UPSC-2014-GS1-Q079,UPSC-2016-GS1-Q030,UPSC-2016-GS1-Q033,UPSC-2016-GS1-Q055,UPSC-2017-GS1-Q025,UPSC-2017-GS1-Q065,UPSC-2018-GS1-Q065,UPSC-2019-GS1-Q025,UPSC-2019-GS1-Q034,UPSC-2020-GS1-Q085,UPSC-2021-GS1-Q019"
Energy & Environment,11,20,"2014,2015,2016,2017,2018,2019,2020,2021,2023,2024,2025","UPSC-2014-GS1-Q007,UPSC-2014-GS1-Q040,UPSC-2015-GS1-Q095,UPSC-2016-GS1-Q079,UPSC-2017-GS1-Q022,UPSC-2017-GS1-Q028,UPSC-2018-GS1-Q007,UPSC-2018-GS1-Q033,UPSC-2018-GS1-Q067,UPSC-2019-GS1-Q043,UPSC-2020-GS1-Q055,UPSC-2020-GS1-Q088"
Environmental Governance & Legislation,11,19,"2014,2015,2016,2017,2018,2019,2020,2021,2022,2023,2024","UPSC-2014-GS1-Q005,UPSC-2014-GS1-Q095,UPSC-2014-GS1-Q096,UPSC-2015-GS1-Q063,UPSC-2016-GS1-Q052,UPSC-2017-GS1-Q035,UPSC-2017-GS1-Q091,UPSC-2018-GS1-Q004,UPSC-2018-GS1-Q098,UPSC-2019-GS1-Q058,UPSC-2019-GS1-Q068,UPSC-2020-GS1-Q081"
International Organisations & Groupings,11,25,"2014,2015,2016,2017,2018,2020,2021,2022,2023,2024,2025","UPSC-2014-GS1-Q011,UPSC-2015-GS1-Q003,UPSC-2015-GS1-Q053,UPSC-2015-GS1-Q057,UPSC-2015-GS1-Q067,UPSC-2016-GS1-Q002,UPSC-2016-GS1-Q020,UPSC-2016-GS1-Q051,UPSC-2016-GS1-Q070,UPSC-2016-GS1-Q082,UPSC-2017-GS1-Q068,UPSC-2018-GS1-Q014"
Atmosphere & Climatology,10,19,"2014,2015,2017,2019,2020,2021,2022,2023,2024,2025","UPSC-2014-GS1-Q043,UPSC-2015-GS1-Q005,UPSC-2015-GS1-Q066,UPSC-2015-GS1-Q080,UPSC-2017-GS1-Q066,UPSC-2019-GS1-Q044,UPSC-2020-GS1-Q099,UPSC-2021-GS1-Q058,UPSC-2022-GS1-Q081,UPSC-2023-GS1-Q062,UPSC-2023-GS1-Q064,UPSC-2024-GS1-Q001"
Biodiversity & Conservation,10,19,"2014,2015,2016,2017,2018,2019,2020,2022,2023,2024","UPSC-2014-GS1-Q014,UPSC-2015-GS1-Q019,UPSC-2015-GS1-Q025,UPSC-2016-GS1-Q044,UPSC-2016-GS1-Q045,UPSC-2016-GS1-Q053,UPSC-2016-GS1-Q090,UPSC-2017-GS1-Q006,UPSC-2018-GS1-Q060,UPSC-2018-GS1-Q086,UPSC-2019-GS1-Q031,UPSC-2020-GS1-Q074"
Computer & Information Technology,10,32,"2014,2015,2016,2017,2018,2019,2020,2022,2024,2025","UPSC-2014-GS1-Q066,UPSC-2015-GS1-Q032,UPSC-2016-GS1-Q005,UPSC-2016-GS1-Q035,UPSC-2016-GS1-Q063,UPSC-2016-GS1-Q066,UPSC-2016-GS1-Q084,UPSC-2017-GS1-Q074,UPSC-2017-GS1-Q085,UPSC-2018-GS1-Q017,UPSC-2018-GS1-Q028,UPSC-2018-GS1-Q058"
Digital Payments & Financial Inclusion,10,18,"2014,2015,2016,2017,2018,2019,2021,2023,2024,2025","UPSC-2014-GS1-Q032,UPSC-2015-GS1-Q001,UPSC-2016-GS1-Q004,UPSC-2016-GS1-Q026,UPSC-2016-GS1-Q029,UPSC-2016-GS1-Q073,UPSC-2017-GS1-Q040,UPSC-2017-GS1-Q043,UPSC-2017-GS1-Q079,UPSC-2018-GS1-Q006,UPSC-2018-GS1-Q015,UPSC-2019-GS1-Q087"
Financial Markets & Capital Markets,10,21,"2014,2016,2018,2019,2020,2021,2022,2023,2024,2025","UPSC-2014-GS1-Q028,UPSC-2016-GS1-Q008,UPSC-2016-GS1-Q071,UPSC-2018-GS1-Q056,UPSC-2019-GS1-Q067,UPSC-2020-GS1-Q053,UPSC-2020-GS1-Q070,UPSC-2021-GS1-Q006,UPSC-2021-GS1-Q013,UPSC-2022-GS1-Q005,UPSC-2022-GS1-Q063,UPSC-2022-GS1-Q065"
Fiscal Policy & Budget,10,20,"2014,2015,2016,2017,2018,2020,2021,2022,2023,2025","UPSC-2014-GS1-Q100,UPSC-2015-GS1-Q002,UPSC-2015-GS1-Q004,UPSC-2015-GS1-Q098,UPSC-2016-GS1-Q003,UPSC-2016-GS1-Q012,UPSC-2017-GS1-Q020,UPSC-2017-GS1-Q094,UPSC-2018-GS1-Q009,UPSC-2020-GS1-Q006,UPSC-2020-GS1-Q054,UPSC-2021-GS1-Q003"
Health & Diseases,10,20,"2014,2015,2016,2017,2019,2020,2021,2022,2023,2025","UPSC-2014-GS1-Q012,UPSC-2014-GS1-Q097,UPSC-2015-GS1-Q023,UPSC-2015-GS1-Q092,UPSC-2016-GS1-Q034,UPSC-2016-GS1-Q059,UPSC-2017-GS1-Q031,UPSC-2017-GS1-Q073,UPSC-2019-GS1-Q098,UPSC-2019-GS1-Q100,UPSC-2020-GS1-Q045,UPSC-2021-GS1-Q069"
Indian Physical Geography,10,13,"2014,2015,2016,2017,2018,2019,2020,2021,2022,2023","UPSC-2014-GS1-Q048,UPSC-2015-GS1-Q015,UPSC-2016-GS1-Q094,UPSC-2017-GS1-Q058,UPSC-2018-GS1-Q077,UPSC-2018-GS1-Q085,UPSC-2019-GS1-Q038,UPSC-2020-GS1-Q096,UPSC-2021-GS1-Q054,UPSC-2022-GS1-Q024,UPSC-2022-GS1-Q025,UPSC-2022-GS1-Q030"
International Environmental Treaties & Summits,10,29,"2014,2015,2016,2017,2018,2019,2021,2022,2024,2025","UPSC-2014-GS1-Q002,UPSC-2014-GS1-Q006,UPSC-2014-GS1-Q078,UPSC-2015-GS1-Q012,UPSC-2015-GS1-Q040,UPSC-2015-GS1-Q043,UPSC-2015-GS1-Q049,UPSC-2015-GS1-Q056,UPSC-2015-GS1-Q074,UPSC-2015-GS1-Q076,UPSC-2016-GS1-Q006,UPSC-2016-GS1-Q013"
Pollution & Waste Management,10,24,"2014,2015,2016,2019,2020,2021,2022,2023,2024,2025","UPSC-2014-GS1-Q016,UPSC-2014-GS1-Q024,UPSC-2015-GS1-Q011,UPSC-2015-GS1-Q018,UPSC-2016-GS1-Q086,UPSC-2019-GS1-Q030,UPSC-2019-GS1-Q035,UPSC-2019-GS1-Q041,UPSC-2019-GS1-Q059,UPSC-2019-GS1-Q078,UPSC-2020-GS1-Q079,UPSC-2021-GS1-Q016"
Union & State Executive,10,14,"2014,2015,2016,2017,2018,2019,2020,2022,2023,2025","UPSC-2014-GS1-Q058,UPSC-2014-GS1-Q060,UPSC-2014-GS1-Q062,UPSC-2015-GS1-Q044,UPSC-2015-GS1-Q091,UPSC-2016-GS1-Q025,UPSC-2017-GS1-Q099,UPSC-2018-GS1-Q032,UPSC-2018-GS1-Q041,UPSC-2019-GS1-Q066,UPSC-2020-GS1-Q015,UPSC-2022-GS1-Q017"
Architecture & World Heritage,9,12,"2014,2016,2017,2018,2019,2021,2022,2023,2024","UPSC-2014-GS1-Q044,UPSC-2014-GS1-Q089,UPSC-2016-GS1-Q065,UPSC-2017-GS1-Q075,UPSC-2018-GS1-Q072,UPSC-2019-GS1-Q011,UPSC-2021-GS1-Q031,UPSC-2021-GS1-Q049,UPSC-2022-GS1-Q096,UPSC-2023-GS1-Q041,UPSC-2023-GS1-Q082,UPSC-2024-GS1-Q065"
Banking & Financial Sector,9,18,"2015,2016,2017,2018,2019,2020,2021,2024,2025","UPSC-2015-GS1-Q065,UPSC-2015-GS1-Q100,UPSC-2016-GS1-Q043,UPSC-2016-GS1-Q056,UPSC-2017-GS1-Q064,UPSC-2018-GS1-Q016,UPSC-2018-GS1-Q096,UPSC-2019-GS1-Q061,UPSC-2019-GS1-Q064,UPSC-2019-GS1-Q072,UPSC-2019-GS1-Q073,UPSC-2020-GS1-Q059"
Constitutional Developments & British Plans (1909-1947),9,13,"2014,2015,2016,2017,2018,2019,2021,2022,2023","UPSC-2014-GS1-Q092,UPSC-2015-GS1-Q028,UPSC-2015-GS1-Q051,UPSC-2016-GS1-Q064,UPSC-2016-GS1-Q093,UPSC-2017-GS1-Q026,UPSC-2017-GS1-Q062,UPSC-2018-GS1-Q038,UPSC-2019-GS1-Q004,UPSC-2021-GS1-Q042,UPSC-2022-GS1-Q051,UPSC-2022-GS1-Q054"
Constitutional Framework & Development,9,25,"2014,2017,2018,2019,2020,2021,2023,2024,2025","UPSC-2014-GS1-Q059,UPSC-2017-GS1-Q038,UPSC-2017-GS1-Q048,UPSC-2018-GS1-Q005,UPSC-2019-GS1-Q045,UPSC-2019-GS1-Q047,UPSC-2020-GS1-Q007,UPSC-2020-GS1-Q008,UPSC-2020-GS1-Q013,UPSC-2020-GS1-Q016,UPSC-2021-GS1-Q089,UPSC-2021-GS1-Q090"
Ecosystems & Ecology Concepts,9,23,"2014,2015,2017,2018,2019,2021,2022,2023,2024","UPSC-2014-GS1-Q020,UPSC-2014-GS1-Q041,UPSC-2014-GS1-Q080,UPSC-2015-GS1-Q038,UPSC-2015-GS1-Q078,UPSC-2015-GS1-Q084,UPSC-2017-GS1-Q021,UPSC-2018-GS1-Q002,UPSC-2018-GS1-Q087,UPSC-2019-GS1-Q028,UPSC-2021-GS1-Q020,UPSC-2021-GS1-Q022"
Federalism & Centre–State Relations,9,10,"2015,2016,2017,2019,2021,2022,2023,2024,2025","UPSC-2015-GS1-Q059,UPSC-2016-GS1-Q095,UPSC-2017-GS1-Q100,UPSC-2019-GS1-Q050,UPSC-2021-GS1-Q086,UPSC-2022-GS1-Q073,UPSC-2023-GS1-Q032,UPSC-2023-GS1-Q039,UPSC-2024-GS1-Q075,UPSC-2025-GS1-Q056"
Indian Rivers & Water Resources,9,13,"2014,2015,2016,2017,2019,2021,2022,2023,2024","UPSC-2014-GS1-Q045,UPSC-2015-GS1-Q036,UPSC-2016-GS1-Q028,UPSC-2016-GS1-Q085,UPSC-2017-GS1-Q030,UPSC-2019-GS1-Q023,UPSC-2019-GS1-Q042,UPSC-2021-GS1-Q053,UPSC-2021-GS1-Q055,UPSC-2022-GS1-Q070,UPSC-2023-GS1-Q001,UPSC-2023-GS1-Q008"
Philosophy & Religion,9,15,"2014,2016,2018,2019,2020,2021,2022,2023,2024","UPSC-2014-GS1-Q047,UPSC-2014-GS1-Q054,UPSC-2014-GS1-Q090,UPSC-2016-GS1-Q050,UPSC-2018-GS1-Q071,UPSC-2018-GS1-Q074,UPSC-2019-GS1-Q009,UPSC-2020-GS1-Q031,UPSC-2021-GS1-Q039,UPSC-2022-GS1-Q055,UPSC-2022-GS1-Q056,UPSC-2023-GS1-Q047"
Protected Areas & Wildlife,9,24,"2014,2015,2016,2017,2018,2019,2020,2023,2024","UPSC-2014-GS1-Q009,UPSC-2014-GS1-Q050,UPSC-2015-GS1-Q009,UPSC-2015-GS1-Q052,UPSC-2016-GS1-Q022,UPSC-2016-GS1-Q068,UPSC-2017-GS1-Q004,UPSC-2017-GS1-Q010,UPSC-2017-GS1-Q067,UPSC-2017-GS1-Q080,UPSC-2017-GS1-Q095,UPSC-2018-GS1-Q094"
Defence Technology,8,16,"2014,2016,2018,2020,2022,2023,2024,2025","UPSC-2014-GS1-Q037,UPSC-2016-GS1-Q046,UPSC-2016-GS1-Q047,UPSC-2018-GS1-Q043,UPSC-2020-GS1-Q042,UPSC-2022-GS1-Q034,UPSC-2022-GS1-Q077,UPSC-2023-GS1-Q054,UPSC-2023-GS1-Q058,UPSC-2024-GS1-Q034,UPSC-2024-GS1-Q035,UPSC-2024-GS1-Q069"
Gandhian Mass Movements (1915-1942),8,10,"2014,2015,2017,2018,2019,2020,2021,2025","UPSC-2014-GS1-Q082,UPSC-2015-GS1-Q016,UPSC-2015-GS1-Q046,UPSC-2017-GS1-Q093,UPSC-2018-GS1-Q069,UPSC-2019-GS1-Q014,UPSC-2020-GS1-Q027,UPSC-2021-GS1-Q043,UPSC-2025-GS1-Q012,UPSC-2025-GS1-Q074"
Indian Agriculture & Land Use,8,11,"2014,2016,2019,2020,2021,2022,2023,2024","UPSC-2014-GS1-Q069,UPSC-2016-GS1-Q083,UPSC-2019-GS1-Q021,UPSC-2020-GS1-Q086,UPSC-2020-GS1-Q087,UPSC-2020-GS1-Q089,UPSC-2021-GS1-Q057,UPSC-2021-GS1-Q064,UPSC-2022-GS1-Q062,UPSC-2023-GS1-Q011,UPSC-2024-GS1-Q005"
Infrastructure & Industry,8,18,"2014,2015,2016,2017,2019,2023,2024,2025","UPSC-2014-GS1-Q038,UPSC-2015-GS1-Q008,UPSC-2015-GS1-Q058,UPSC-2015-GS1-Q090,UPSC-2016-GS1-Q007,UPSC-2016-GS1-Q061,UPSC-2016-GS1-Q062,UPSC-2017-GS1-Q027,UPSC-2017-GS1-Q055,UPSC-2019-GS1-Q048,UPSC-2019-GS1-Q062,UPSC-2019-GS1-Q074"
International Institutions & Reports,8,16,"2014,2015,2016,2017,2019,2020,2022,2024","UPSC-2014-GS1-Q099,UPSC-2015-GS1-Q021,UPSC-2016-GS1-Q014,UPSC-2016-GS1-Q015,UPSC-2016-GS1-Q037,UPSC-2016-GS1-Q067,UPSC-2016-GS1-Q075,UPSC-2017-GS1-Q039,UPSC-2017-GS1-Q041,UPSC-2017-GS1-Q056,UPSC-2019-GS1-Q003,UPSC-2019-GS1-Q071"
International Relations & Treaties,8,17,"2015,2016,2017,2019,2020,2023,2024,2025","UPSC-2015-GS1-Q064,UPSC-2015-GS1-Q079,UPSC-2015-GS1-Q088,UPSC-2016-GS1-Q019,UPSC-2016-GS1-Q041,UPSC-2016-GS1-Q042,UPSC-2016-GS1-Q072,UPSC-2017-GS1-Q082,UPSC-2019-GS1-Q054,UPSC-2019-GS1-Q089,UPSC-2020-GS1-Q010,UPSC-2023-GS1-Q087"
International Trade & WTO,8,11,"2015,2016,2017,2018,2019,2020,2023,2024","UPSC-2015-GS1-Q031,UPSC-2016-GS1-Q011,UPSC-2016-GS1-Q077,UPSC-2017-GS1-Q034,UPSC-2018-GS1-Q026,UPSC-2018-GS1-Q034,UPSC-2019-GS1-Q084,UPSC-2020-GS1-Q056,UPSC-2020-GS1-Q064,UPSC-2023-GS1-Q088,UPSC-2024-GS1-Q059"
Judiciary,8,15,"2014,2015,2016,2017,2019,2021,2022,2024","UPSC-2014-GS1-Q071,UPSC-2014-GS1-Q075,UPSC-2015-GS1-Q061,UPSC-2016-GS1-Q040,UPSC-2017-GS1-Q092,UPSC-2019-GS1-Q046,UPSC-2019-GS1-Q052,UPSC-2019-GS1-Q081,UPSC-2021-GS1-Q082,UPSC-2021-GS1-Q083,UPSC-2021-GS1-Q088,UPSC-2022-GS1-Q011"
Literature & Languages,8,9,"2014,2015,2016,2020,2021,2022,2023,2024","UPSC-2014-GS1-Q008,UPSC-2015-GS1-Q075,UPSC-2016-GS1-Q010,UPSC-2020-GS1-Q036,UPSC-2021-GS1-Q041,UPSC-2022-GS1-Q093,UPSC-2023-GS1-Q044,UPSC-2023-GS1-Q046,UPSC-2024-GS1-Q063"
Monetary Policy & Money Supply,8,13,"2014,2015,2017,2019,2020,2021,2022,2023","UPSC-2014-GS1-Q031,UPSC-2014-GS1-Q033,UPSC-2015-GS1-Q022,UPSC-2015-GS1-Q086,UPSC-2017-GS1-Q017,UPSC-2019-GS1-Q090,UPSC-2020-GS1-Q050,UPSC-2020-GS1-Q057,UPSC-2021-GS1-Q015,UPSC-2022-GS1-Q003,UPSC-2022-GS1-Q068,UPSC-2023-GS1-Q022"
Sustainable Agriculture & Forestry,8,23,"2014,2015,2016,2017,2018,2020,2021,2022","UPSC-2014-GS1-Q001,UPSC-2014-GS1-Q026,UPSC-2014-GS1-Q064,UPSC-2015-GS1-Q069,UPSC-2016-GS1-Q027,UPSC-2017-GS1-Q071,UPSC-2018-GS1-Q035,UPSC-2018-GS1-Q059,UPSC-2018-GS1-Q099,UPSC-2018-GS1-Q100,UPSC-2020-GS1-Q080,UPSC-2020-GS1-Q083"
World Political Geography & Borders,8,11,"2014,2015,2017,2018,2019,2022,2023,2024","UPSC-2014-GS1-Q035,UPSC-2015-GS1-Q033,UPSC-2015-GS1-Q077,UPSC-2017-GS1-Q054,UPSC-2018-GS1-Q037,UPSC-2019-GS1-Q036,UPSC-2022-GS1-Q027,UPSC-2022-GS1-Q088,UPSC-2023-GS1-Q015,UPSC-2023-GS1-Q061,UPSC-2024-GS1-Q079"
Early Nationalism & Indian National Congress (1885-1915),7,10,"2014,2015,2016,2017,2019,2020,2023","UPSC-2014-GS1-Q081,UPSC-2015-GS1-Q048,UPSC-2015-GS1-Q068,UPSC-2016-GS1-Q049,UPSC-2016-GS1-Q092,UPSC-2017-GS1-Q019,UPSC-2017-GS1-Q037,UPSC-2019-GS1-Q005,UPSC-2020-GS1-Q026,UPSC-2023-GS1-Q083"
External Sector & Balance Of Payments,7,15,"2014,2015,2016,2019,2020,2021,2022","UPSC-2014-GS1-Q030,UPSC-2015-GS1-Q034,UPSC-2015-GS1-Q094,UPSC-2016-GS1-Q018,UPSC-2019-GS1-Q063,UPSC-2019-GS1-Q065,UPSC-2019-GS1-Q086,UPSC-2020-GS1-Q049,UPSC-2020-GS1-Q051,UPSC-2020-GS1-Q052,UPSC-2021-GS1-Q007,UPSC-2021-GS1-Q008"
Fundamental Rights,7,8,"2017,2018,2019,2020,2021,2023,2024","UPSC-2017-GS1-Q097,UPSC-2018-GS1-Q092,UPSC-2019-GS1-Q056,UPSC-2020-GS1-Q004,UPSC-2021-GS1-Q079,UPSC-2021-GS1-Q092,UPSC-2023-GS1-Q077,UPSC-2024-GS1-Q076"
"Human Development, Poverty & Employment Schemes",7,21,"2016,2017,2018,2019,2021,2023,2024","UPSC-2016-GS1-Q076,UPSC-2017-GS1-Q003,UPSC-2017-GS1-Q009,UPSC-2017-GS1-Q015,UPSC-2017-GS1-Q029,UPSC-2017-GS1-Q061,UPSC-2017-GS1-Q063,UPSC-2018-GS1-Q025,UPSC-2018-GS1-Q030,UPSC-2018-GS1-Q049,UPSC-2019-GS1-Q019,UPSC-2019-GS1-Q024"
Biology,6,11,"2014,2019,2020,2021,2022,2024","UPSC-2014-GS1-Q013,UPSC-2014-GS1-Q017,UPSC-2014-GS1-Q022,UPSC-2014-GS1-Q065,UPSC-2014-GS1-Q073,UPSC-2014-GS1-Q074,UPSC-2019-GS1-Q092,UPSC-2020-GS1-Q047,UPSC-2021-GS1-Q030,UPSC-2022-GS1-Q097,UPSC-2024-GS1-Q033"
Constitutional & Statutory Bodies,6,9,"2018,2020,2021,2023,2024,2025","UPSC-2018-GS1-Q012,UPSC-2020-GS1-Q001,UPSC-2020-GS1-Q009,UPSC-2021-GS1-Q078,UPSC-2023-GS1-Q035,UPSC-2023-GS1-Q091,UPSC-2023-GS1-Q092,UPSC-2024-GS1-Q070,UPSC-2025-GS1-Q098"
Indian Government Schemes & Initiatives,6,11,"2016,2017,2018,2022,2024,2025","UPSC-2016-GS1-Q016,UPSC-2016-GS1-Q032,UPSC-2017-GS1-Q023,UPSC-2017-GS1-Q088,UPSC-2017-GS1-Q089,UPSC-2018-GS1-Q036,UPSC-2018-GS1-Q078,UPSC-2022-GS1-Q019,UPSC-2024-GS1-Q011,UPSC-2024-GS1-Q099,UPSC-2025-GS1-Q070"
Music,6,7,"2014,2017,2018,2019,2021,2025","UPSC-2014-GS1-Q091,UPSC-2017-GS1-Q018,UPSC-2018-GS1-Q044,UPSC-2019-GS1-Q016,UPSC-2019-GS1-Q017,UPSC-2021-GS1-Q095,UPSC-2025-GS1-Q018"
Renewable Energy & Green Technologies,6,10,"2016,2019,2020,2022,2023,2025","UPSC-2016-GS1-Q036,UPSC-2016-GS1-Q078,UPSC-2019-GS1-Q026,UPSC-2020-GS1-Q076,UPSC-2020-GS1-Q078,UPSC-2020-GS1-Q084,UPSC-2022-GS1-Q084,UPSC-2023-GS1-Q099,UPSC-2025-GS1-Q009,UPSC-2025-GS1-Q063"
Taxation,6,7,"2014,2016,2017,2018,2022,2025","UPSC-2014-GS1-Q027,UPSC-2016-GS1-Q060,UPSC-2017-GS1-Q081,UPSC-2018-GS1-Q008,UPSC-2018-GS1-Q097,UPSC-2022-GS1-Q008,UPSC-2025-GS1-Q005"
Transport & Infrastructure Geography,6,8,"2014,2016,2017,2023,2024,2025","UPSC-2014-GS1-Q077,UPSC-2016-GS1-Q096,UPSC-2017-GS1-Q049,UPSC-2023-GS1-Q002,UPSC-2023-GS1-Q009,UPSC-2023-GS1-Q017,UPSC-2024-GS1-Q088,UPSC-2025-GS1-Q062"
Water & Wetland Conservation,6,7,"2014,2016,2018,2020,2022,2023","UPSC-2014-GS1-Q010,UPSC-2014-GS1-Q056,UPSC-2016-GS1-Q023,UPSC-2018-GS1-Q081,UPSC-2020-GS1-Q098,UPSC-2022-GS1-Q043,UPSC-2023-GS1-Q076"
World Physical Geography,6,6,"2014,2017,2018,2020,2022,2025","UPSC-2014-GS1-Q051,UPSC-2017-GS1-Q098,UPSC-2018-GS1-Q013,UPSC-2020-GS1-Q068,UPSC-2022-GS1-Q023,UPSC-2025-GS1-Q022"
Ancient India,5,7,"2019,2022,2023,2024,2025","UPSC-2019-GS1-Q008,UPSC-2022-GS1-Q091,UPSC-2023-GS1-Q042,UPSC-2024-GS1-Q055,UPSC-2025-GS1-Q016,UPSC-2025-GS1-Q017,UPSC-2025-GS1-Q072"
Chemistry,5,5,"2014,2019,2021,2024,2025","UPSC-2014-GS1-Q070,UPSC-2019-GS1-Q039,UPSC-2021-GS1-Q071,UPSC-2024-GS1-Q036,UPSC-2025-GS1-Q085"
Directive Principles Of State Policy,5,8,"2014,2015,2017,2020,2021","UPSC-2014-GS1-Q055,UPSC-2015-GS1-Q007,UPSC-2015-GS1-Q089,UPSC-2017-GS1-Q013,UPSC-2020-GS1-Q005,UPSC-2020-GS1-Q012,UPSC-2020-GS1-Q018,UPSC-2021-GS1-Q091"
Elections & Electoral Reforms,5,7,"2014,2017,2021,2024,2025","UPSC-2014-GS1-Q049,UPSC-2017-GS1-Q057,UPSC-2017-GS1-Q086,UPSC-2017-GS1-Q090,UPSC-2021-GS1-Q080,UPSC-2024-GS1-Q071,UPSC-2025-GS1-Q088"
"Festivals, Crafts & Folk Traditions",5,8,"2014,2015,2016,2017,2018","UPSC-2014-GS1-Q076,UPSC-2014-GS1-Q087,UPSC-2015-GS1-Q096,UPSC-2015-GS1-Q099,UPSC-2016-GS1-Q089,UPSC-2017-GS1-Q070,UPSC-2018-GS1-Q022,UPSC-2018-GS1-Q054"
International Conflicts & Security,5,10,"2014,2018,2022,2023,2024","UPSC-2014-GS1-Q034,UPSC-2014-GS1-Q036,UPSC-2018-GS1-Q024,UPSC-2018-GS1-Q090,UPSC-2022-GS1-Q086,UPSC-2022-GS1-Q087,UPSC-2023-GS1-Q097,UPSC-2023-GS1-Q098,UPSC-2024-GS1-Q082,UPSC-2024-GS1-Q091"
Materials & Engineering,5,7,"2014,2018,2020,2022,2023","UPSC-2014-GS1-Q098,UPSC-2018-GS1-Q084,UPSC-2020-GS1-Q041,UPSC-2022-GS1-Q028,UPSC-2022-GS1-Q046,UPSC-2022-GS1-Q098,UPSC-2023-GS1-Q053"
National Income & Economic Growth,5,8,"2015,2018,2019,2021,2022","UPSC-2015-GS1-Q081,UPSC-2018-GS1-Q047,UPSC-2018-GS1-Q048,UPSC-2018-GS1-Q050,UPSC-2019-GS1-Q082,UPSC-2021-GS1-Q004,UPSC-2021-GS1-Q012,UPSC-2022-GS1-Q007"
Oceanography,5,6,"2014,2015,2020,2022,2024","UPSC-2014-GS1-Q003,UPSC-2015-GS1-Q014,UPSC-2015-GS1-Q070,UPSC-2020-GS1-Q093,UPSC-2022-GS1-Q085,UPSC-2024-GS1-Q089"
Physical Geography & Geomorphology,5,8,"2014,2018,2023,2024,2025","UPSC-2014-GS1-Q042,UPSC-2018-GS1-Q082,UPSC-2023-GS1-Q005,UPSC-2023-GS1-Q065,UPSC-2024-GS1-Q003,UPSC-2024-GS1-Q007,UPSC-2025-GS1-Q025,UPSC-2025-GS1-Q028"
Social & Religious Reform Movements,5,9,"2016,2018,2020,2021,2025","UPSC-2016-GS1-Q058,UPSC-2016-GS1-Q069,UPSC-2018-GS1-Q080,UPSC-2020-GS1-Q028,UPSC-2020-GS1-Q032,UPSC-2021-GS1-Q046,UPSC-2025-GS1-Q011,UPSC-2025-GS1-Q073,UPSC-2025-GS1-Q078"
Astronomy & Earth–Sun System,4,6,"2018,2022,2024,2025","UPSC-2018-GS1-Q057,UPSC-2022-GS1-Q029,UPSC-2024-GS1-Q015,UPSC-2025-GS1-Q023,UPSC-2025-GS1-Q033,UPSC-2025-GS1-Q077"
Biogeography & Natural Vegetation,4,5,"2014,2015,2019,2023","UPSC-2014-GS1-Q023,UPSC-2014-GS1-Q046,UPSC-2015-GS1-Q072,UPSC-2019-GS1-Q033,UPSC-2023-GS1-Q063"
Disasters & Humanitarian Issues,4,4,"2015,2018,2022,2023","UPSC-2015-GS1-Q017,UPSC-2018-GS1-Q018,UPSC-2022-GS1-Q082,UPSC-2023-GS1-Q078"
Economic & Mineral Geography,4,5,"2016,2018,2020,2023","UPSC-2016-GS1-Q074,UPSC-2018-GS1-Q027,UPSC-2020-GS1-Q092,UPSC-2023-GS1-Q006,UPSC-2023-GS1-Q013"
Economic Planning & Five-Year Plans,4,5,"2014,2015,2017,2019","UPSC-2014-GS1-Q029,UPSC-2014-GS1-Q057,UPSC-2015-GS1-Q042,UPSC-2017-GS1-Q077,UPSC-2019-GS1-Q070"
Key Personalities & Ideologies,4,5,"2018,2019,2020,2021","UPSC-2018-GS1-Q011,UPSC-2019-GS1-Q015,UPSC-2020-GS1-Q014,UPSC-2021-GS1-Q036,UPSC-2021-GS1-Q044"
Mughal Empire,4,4,"2014,2015,2019,2021","UPSC-2014-GS1-Q093,UPSC-2015-GS1-Q041,UPSC-2019-GS1-Q001,UPSC-2021-GS1-Q045"
"Peasant, Tribal & Labour Movements",4,4,"2017,2018,2019,2020","UPSC-2017-GS1-Q024,UPSC-2018-GS1-Q051,UPSC-2019-GS1-Q006,UPSC-2020-GS1-Q035"
Political Theory & Concepts,4,7,"2017,2018,2019,2021","UPSC-2017-GS1-Q014,UPSC-2017-GS1-Q042,UPSC-2017-GS1-Q047,UPSC-2018-GS1-Q040,UPSC-2018-GS1-Q045,UPSC-2019-GS1-Q085,UPSC-2021-GS1-Q087"
Revolutionary & Communist Movements,4,4,"2014,2015,2021,2022","UPSC-2014-GS1-Q086,UPSC-2015-GS1-Q026,UPSC-2021-GS1-Q047,UPSC-2022-GS1-Q053"
Social Justice & Vulnerable Sections,4,6,"2018,2019,2023,2024","UPSC-2018-GS1-Q021,UPSC-2019-GS1-Q051,UPSC-2019-GS1-Q076,UPSC-2023-GS1-Q040,UPSC-2024-GS1-Q081,UPSC-2024-GS1-Q084"
Vijayanagara Empire,4,4,"2015,2016,2021,2023","UPSC-2015-GS1-Q047,UPSC-2016-GS1-Q009,UPSC-2021-GS1-Q035,UPSC-2023-GS1-Q048"
World Geography,4,7,"2022,2023,2024,2025","UPSC-2022-GS1-Q026,UPSC-2023-GS1-Q007,UPSC-2024-GS1-Q008,UPSC-2024-GS1-Q010,UPSC-2025-GS1-Q076,UPSC-2025-GS1-Q079,UPSC-2025-GS1-Q080"
Advent Of Europeans & British Expansion,3,4,"2018,2021,2022","UPSC-2018-GS1-Q075,UPSC-2021-GS1-Q033,UPSC-2021-GS1-Q048,UPSC-2022-GS1-Q059"
Bhakti Movement,3,3,"2016,2019,2022","UPSC-2016-GS1-Q017,UPSC-2019-GS1-Q013,UPSC-2022-GS1-Q095"
Biogeochemical Cycles & Earth Systems,3,3,"2014,2021,2025","UPSC-2014-GS1-Q019,UPSC-2021-GS1-Q027,UPSC-2025-GS1-Q040"
British Administration & Economic Policies,3,10,"2015,2018,2020","UPSC-2015-GS1-Q020,UPSC-2018-GS1-Q019,UPSC-2018-GS1-Q052,UPSC-2018-GS1-Q068,UPSC-2018-GS1-Q076,UPSC-2018-GS1-Q089,UPSC-2020-GS1-Q021,UPSC-2020-GS1-Q023,UPSC-2020-GS1-Q033,UPSC-2020-GS1-Q034"
Business & Economy,3,3,"2022,2023,2024","UPSC-2022-GS1-Q067,UPSC-2023-GS1-Q086,UPSC-2024-GS1-Q097"
Cartography & Map Skills,3,3,"2014,2015,2018","UPSC-2014-GS1-Q052,UPSC-2015-GS1-Q006,UPSC-2018-GS1-Q029"
Cultural Institutions & Awards,3,3,"2014,2023,2024","UPSC-2014-GS1-Q084,UPSC-2023-GS1-Q081,UPSC-2024-GS1-Q060"
Delhi Sultanate,3,4,"2019,2021,2022","UPSC-2019-GS1-Q012,UPSC-2021-GS1-Q038,UPSC-2022-GS1-Q057,UPSC-2022-GS1-Q058"
Mauryan Empire,3,3,"2016,2020,2025","UPSC-2016-GS1-Q039,UPSC-2020-GS1-Q030,UPSC-2025-GS1-Q019"
Medieval Administration & Socio-Economic Institutions,3,4,"2014,2015,2016","UPSC-2014-GS1-Q021,UPSC-2015-GS1-Q055,UPSC-2016-GS1-Q038,UPSC-2016-GS1-Q088"
Medieval Culture & Historiography,3,3,"2018,2020,2022","UPSC-2018-GS1-Q073,UPSC-2020-GS1-Q097,UPSC-2022-GS1-Q094"
Medieval India,3,3,"2022,2024,2025","UPSC-2022-GS1-Q052,UPSC-2024-GS1-Q056,UPSC-2025-GS1-Q075"
Other Sports & Personalities,3,4,"2021,2023,2025","UPSC-2021-GS1-Q099,UPSC-2023-GS1-Q096,UPSC-2025-GS1-Q099,UPSC-2025-GS1-Q100"
Physics,3,3,"2015,2018,2021","UPSC-2015-GS1-Q030,UPSC-2018-GS1-Q062,UPSC-2021-GS1-Q068"
Pollution,3,3,"2017,2020,2025","UPSC-2017-GS1-Q059,UPSC-2020-GS1-Q048,UPSC-2025-GS1-Q044"
Post-Gupta & Early Medieval Dynasties,3,3,"2020,2021,2025","UPSC-2020-GS1-Q024,UPSC-2021-GS1-Q034,UPSC-2025-GS1-Q014"
Public Finance & Finance Commission,3,3,"2015,2020,2024","UPSC-2015-GS1-Q060,UPSC-2020-GS1-Q003,UPSC-2024-GS1-Q085"
"Society, Law & Administration",3,3,"2020,2021,2022","UPSC-2020-GS1-Q029,UPSC-2021-GS1-Q040,UPSC-2022-GS1-Q060"
South Indian Dynasties,3,3,"2016,2017,2023","UPSC-2016-GS1-Q080,UPSC-2017-GS1-Q051,UPSC-2023-GS1-Q045"
Awards & Honours,2,2,"2015,2021","UPSC-2015-GS1-Q050,UPSC-2021-GS1-Q098"
Banking and Finance,2,3,"2017,2024","UPSC-2017-GS1-Q011,UPSC-2024-GS1-Q042,UPSC-2024-GS1-Q049"
Biodiversity,2,3,"2023,2025","UPSC-2023-GS1-Q012,UPSC-2023-GS1-Q014,UPSC-2025-GS1-Q037"
Botany,2,2,"2023,2025","UPSC-2023-GS1-Q003,UPSC-2025-GS1-Q039"
Buddhism & Jainism,2,3,"2017,2020","UPSC-2017-GS1-Q053,UPSC-2020-GS1-Q022,UPSC-2020-GS1-Q071"
Climate Change,2,2,"2022,2025","UPSC-2022-GS1-Q041,UPSC-2025-GS1-Q036"
Constitutional Provisions,2,3,"2024,2025","UPSC-2024-GS1-Q074,UPSC-2025-GS1-Q051,UPSC-2025-GS1-Q055"
Emergency Provisions,2,2,"2017,2018","UPSC-2017-GS1-Q096,UPSC-2018-GS1-Q053"
Fundamental Duties,2,2,"2015,2017","UPSC-2015-GS1-Q083,UPSC-2017-GS1-Q036"
Government Organizations,2,5,"2022,2025","UPSC-2022-GS1-Q071,UPSC-2022-GS1-Q072,UPSC-2022-GS1-Q074,UPSC-2025-GS1-Q003,UPSC-2025-GS1-Q057"
Gupta Empire,2,2,"2019,2020","UPSC-2019-GS1-Q010,UPSC-2020-GS1-Q082"
Indian Geography,2,2,"2024,2025","UPSC-2024-GS1-Q009,UPSC-2025-GS1-Q052"
Indus Valley Civilization,2,2,"2019,2021","UPSC-2019-GS1-Q007,UPSC-2021-GS1-Q032"
Inflation & Price Indices,2,3,"2015,2020","UPSC-2015-GS1-Q029,UPSC-2015-GS1-Q087,UPSC-2020-GS1-Q067"
Local Government & Panchayati Raj,2,2,"2015,2016","UPSC-2015-GS1-Q085,UPSC-2016-GS1-Q100"
Mahajanapadas & Early Kingdoms,2,2,"2014,2015","UPSC-2014-GS1-Q025,UPSC-2015-GS1-Q039"
Modern India,2,3,"2024,2025","UPSC-2024-GS1-Q057,UPSC-2025-GS1-Q020,UPSC-2025-GS1-Q071"
Painting & Visual Arts,2,2,"2017,2018","UPSC-2017-GS1-Q069,UPSC-2018-GS1-Q042"
Parliament,2,2,"2019,2022","UPSC-2019-GS1-Q049,UPSC-2022-GS1-Q015"
Post-Independence India,2,3,"2018,2024","UPSC-2018-GS1-Q070,UPSC-2018-GS1-Q091,UPSC-2024-GS1-Q073"
Regional Kingdoms & Frontier States,2,2,"2015,2023","UPSC-2015-GS1-Q035,UPSC-2023-GS1-Q049"
Science & Technology Institutions,2,3,"2015,2019","UPSC-2015-GS1-Q010,UPSC-2015-GS1-Q073,UPSC-2019-GS1-Q057"
Sculpture & Iconography,2,2,"2014,2015","UPSC-2014-GS1-Q085,UPSC-2015-GS1-Q054"
Technology,2,2,"2018,2025","UPSC-2018-GS1-Q055,UPSC-2025-GS1-Q043"
Trade & Economy,2,2,"2020,2023","UPSC-2020-GS1-Q025,UPSC-2023-GS1-Q043"
Agriculture,1,1,2023,UPSC-2023-GS1-Q004
Agriculture and Trade,1,1,2019,UPSC-2019-GS1-Q037
Anti-Defection Law,1,1,2022,UPSC-2022-GS1-Q016
Archaeology & Epigraphy,1,1,2021,UPSC-2021-GS1-Q037
Awards and Honours,1,1,2025,UPSC-2025-GS1-Q093
Banking,1,1,2022,UPSC-2022-GS1-Q064
Biotechnology,1,1,2024,UPSC-2024-GS1-Q039
Books & Authors,1,1,2024,UPSC-2024-GS1-Q086
Classical Dance Forms,1,2,2014,"UPSC-2014-GS1-Q083,UPSC-2014-GS1-Q088"
Constitutional Amendments,1,1,2022,UPSC-2022-GS1-Q013
Constitutional Articles,1,1,2021,UPSC-2021-GS1-Q085
Council of Ministers,1,1,2022,UPSC-2022-GS1-Q014
Cricket,1,1,2021,UPSC-2021-GS1-Q100
Current Affairs,1,1,2024,UPSC-2024-GS1-Q087
Defence,1,2,2024,"UPSC-2024-GS1-Q077,UPSC-2024-GS1-Q078"
Demographics,1,1,2024,UPSC-2024-GS1-Q041
Elections,1,1,2020,UPSC-2020-GS1-Q019
Energy,1,2,2024,"UPSC-2024-GS1-Q037,UPSC-2024-GS1-Q038"
Financial Markets,1,1,2024,UPSC-2024-GS1-Q040
Food Safety,1,1,2018,UPSC-2018-GS1-Q023
Foreign Policy,1,1,2017,UPSC-2017-GS1-Q084
Foreign Travellers & Accounts,1,1,2025,UPSC-2025-GS1-Q015
Forest Rights,1,1,2019,UPSC-2019-GS1-Q055
Gandhian Era & Mass Movements (1919-1947),1,1,2018,UPSC-2018-GS1-Q079
Geopolitical Conflicts,1,1,2023,UPSC-2023-GS1-Q093
Governor,1,1,2025,UPSC-2025-GS1-Q054
Hydrology / Water distribution,1,1,2021,UPSC-2021-GS1-Q062
Indian Economy,1,2,2024,"UPSC-2024-GS1-Q045,UPSC-2024-GS1-Q047"
Information Technology,1,1,2022,UPSC-2022-GS1-Q033
Infrastructure,1,1,2025,UPSC-2025-GS1-Q082
International Organizations,1,3,2025,"UPSC-2025-GS1-Q035,UPSC-2025-GS1-Q067,UPSC-2025-GS1-Q096"
International Trade,1,1,2017,UPSC-2017-GS1-Q083
Local Government,1,1,2017,UPSC-2017-GS1-Q016
Medieval Regional Kingdoms / Central & North-Indian Dynasties,1,1,2022,UPSC-2022-GS1-Q092
Money & Banking / Monetary Policy,1,1,2014,UPSC-2014-GS1-Q061
Money and Banking,1,1,2018,UPSC-2018-GS1-Q046
Panchayati Raj,1,1,2025,UPSC-2025-GS1-Q091
Parliamentary Procedures,1,1,2024,UPSC-2024-GS1-Q068
Physical Geography,1,1,2019,UPSC-2019-GS1-Q020
Political Theory,1,1,2017,UPSC-2017-GS1-Q005
Population & Demography,1,1,2014,UPSC-2014-GS1-Q039
President,1,1,2025,UPSC-2025-GS1-Q086
Presidential Election,1,1,2023,UPSC-2023-GS1-Q080
Public Finance,1,1,2025,UPSC-2025-GS1-Q061
Rare Earth Elements,1,1,2025,UPSC-2025-GS1-Q081
Regional Organizations,1,1,2025,UPSC-2025-GS1-Q092
Science & Technology,1,1,2025,UPSC-2025-GS1-Q013
Space,1,1,2025,UPSC-2025-GS1-Q083
Sports Awards,1,1,2023,UPSC-2023-GS1-Q095
Theatre & Cinema,1,1,2016,UPSC-2016-GS1-Q099
Transfer Of Power & Partition (1945-1947),1,1,2014,UPSC-2014-GS1-Q015
Vedic Period,1,2,2017,"UPSC-2017-GS1-Q002,UPSC-2017-GS1-Q008"
World Demographics,1,1,2024,UPSC-2024-GS1-Q067
