year,questions,Economy,Environment & Ecology,Polity & Governance,Science & Technology,History,Geography,Art & Culture,Current Affairs,International Relations,Sports,negative_stem,explicit_ca,news_cue,mean_stem_words,median_stem_words,format_multi_statement,format_single_answer,format_how_many,format_assertion_relationship,format_match_pair,format_scenario_case,format_other,cancelled
2014,100,14,22,10,17,8,13,13,3,0,0,5,3,2,35.1,31.5,42,46,0,0,12,0,0,0
2015,100,23,18,12,10,13,11,4,9,0,0,7,9,13,31.3,23.5,39,59,0,0,2,0,0,0
2016,100,26,22,5,13,12,6,5,11,0,0,5,11,30,37.11,34.0,43,53,0,0,4,0,0,0
2017,100,26,16,22,10,10,6,4,5,1,0,11,5,11,39.59,39.0,44,53,0,0,3,0,0,0
2018,100,20,15,14,15,15,8,7,6,0,0,11,6,6,39.72,34.0,55,42,0,0,3,0,0,0
2019,100,26,18,14,16,11,9,4,2,0,0,17,2,6,39.42,34.0,43,51,0,0,6,0,0,0
2020,100,21,19,16,14,18,8,2,2,0,0,15,2,1,44.9,48.0,54,41,0,0,5,0,0,2
2021,100,15,24,17,12,15,7,5,5,0,0,6,5,1,40.32,37.5,53,46,0,0,1,0,0,1
2022,100,17,17,11,17,12,12,4,10,0,0,11,10,8,45.98,48.0,61,30,8,0,1,0,0,1
2023,100,17,15,15,10,7,18,6,10,1,1,4,10,4,45.61,46.0,7,28,47,18,0,0,0,1
2024,100,15,14,20,13,4,18,6,9,1,0,9,9,6,36.85,33.5,42,27,18,13,0,0,0,3
2025,100,21,13,13,16,15,13,1,6,2,0,11,6,1,51.64,54.0,41,18,27,14,0,0,0,0
2026,100,19,9,12,17,13,8,8,4,10,0,0,0,0,90.14,87.0,0,0,0,0,0,3,97,0
