index,question_id,year,qnum,source_candidate,source_organization,source_date,source_year_ok,source_url,evidence_status,verification_note
0,UPSC-2016-GS1-Q001,2016,1,Atal Pension Yojana,Government of India / Ministry of Finance / PIB,2015-03-01,True,https://www.pib.gov.in/newsite/erelcontent.aspx?lang=2&reg=48&relid=116208,PRIMARY_CANDIDATE,Primary government release predates 2016; exact scheme facts match the question theme. Exact setter-source attribution remains unproven.
1,UPSC-2016-GS1-Q002,2016,2,NOT YET PRIMARY-VERIFIED,,,,,UNVERIFIED,Full-year inventory completed. Secondary source-analysis claims were not promoted to original-source attribution. Primary source must be dated 2016 or earlier and matched at proposition level.
2,UPSC-2016-GS1-Q003,2016,3,NOT YET PRIMARY-VERIFIED,,,,,UNVERIFIED,Full-year inventory completed. Secondary source-analysis claims were not promoted to original-source attribution. Primary source must be dated 2016 or earlier and matched at proposition level.
3,UPSC-2016-GS1-Q004,2016,4,Guidelines for Licensing of Payments Banks,Reserve Bank of India,2014-11-27,True,https://www.rbi.org.in/Scripts/bs_viewcontent.aspx?Id=2900,PRIMARY_VERIFIED,RBI final guidelines dated 27 Nov 2014 establish eligible promoters including resident mobile telephone companies/supermarket chains and state that Payments Banks cannot undertake lending; proposition-level evidence supports the question.
4,UPSC-2016-GS1-Q005,2016,5,NOT YET PRIMARY-VERIFIED,,,,,UNVERIFIED,Full-year inventory completed. Secondary source-analysis claims were not promoted to original-source attribution. Primary source must be dated 2016 or earlier and matched at proposition level.
5,UPSC-2016-GS1-Q006,2016,6,Intended Nationally Determined Contributions (INDCs),UNFCCC,2015-11-01,True,https://www.unfccc.int/process-and-meetings/the-paris-agreement/nationally-determined-contributions-ndcs/indcs,PRIMARY_VERIFIED,UNFCCC records INDCs as country communications under the pre-Paris process and notes its 1 Nov 2015 synthesis report; this directly supports the climate-change context.
6,UPSC-2016-GS1-Q007,2016,7,UDAY (Ujwal DISCOM Assurance Yojana),Government of India / Ministry of Power / PIB,2015-11-05,True,https://www.pib.gov.in/newsite/printrelease.aspx?lang=2&reg=3&relid=130262,PRIMARY_VERIFIED,PIB release dated 5 Nov 2015 states UDAY provides financial turnaround and revival of Power Distribution Companies.
7,UPSC-2016-GS1-Q008,2016,8,IFC Masala Bonds,International Finance Corporation / World Bank,2015-01-01,True,https://documents1.worldbank.org/curated/en/682211467997285993/pdf/103210-AR-Box394958B-PUBLIC-IFC-AR15-Full.pdf,PRIMARY_VERIFIED,IFC Annual Report 2015 documents the offshore rupee-denominated Masala Bond programme and its purpose; exact question propositions are supported by the primary institutional report.
8,UPSC-2016-GS1-Q009,2016,9,NOT YET PRIMARY-VERIFIED,,,,,UNVERIFIED,Full-year inventory completed. Secondary source-analysis claims were not promoted to original-source attribution. Primary source must be dated 2016 or earlier and matched at proposition level.
9,UPSC-2016-GS1-Q010,2016,10,NOT YET PRIMARY-VERIFIED,,,,,UNVERIFIED,Full-year inventory completed. Secondary source-analysis claims were not promoted to original-source attribution. Primary source must be dated 2016 or earlier and matched at proposition level.
10,UPSC-2016-GS1-Q011,2016,11,WTO domestic-support boxes (Amber/Blue/Green),World Trade Organization,2010-12-06,True,https://www.wto.org/english/news_e/news10_e/agng_06dec10_e.htm,PRIMARY_VERIFIED,"WTO source defines Amber, Blue and Green Boxes under agricultural domestic support, directly matching the terminology in the question."
11,UPSC-2016-GS1-Q012,2016,12,Union Government Capital Budget,Government of India / India Budget,2015-02-01,True,https://www.indiabudget.gov.in/budget2015-2016/ub2015-16/keybud/keybud2015.pdf,PRIMARY_VERIFIED,"Union Budget 2015-16 Key to Budget states capital budget comprises capital receipts/payments, including foreign-government loans, asset acquisition expenditure, and loans/advances to States/UTs."
12,UPSC-2016-GS1-Q013,2016,13,NOT YET PRIMARY-VERIFIED,,,,,UNVERIFIED,Full-year inventory completed. Secondary source-analysis claims were not promoted to original-source attribution. Primary source must be dated 2016 or earlier and matched at proposition level.
13,UPSC-2016-GS1-Q014,2016,14,Chinese Renminbi inclusion in IMF SDR basket,International Monetary Fund,2015-11-30,True,https://www.imf.org/en/news/articles/2015/09/14/01/49/pr15540,PRIMARY_VERIFIED,IMF press release dated 30 Nov 2015 states the Chinese renminbi was decided for inclusion as the fifth SDR-basket currency effective 1 Oct 2016.
14,UPSC-2016-GS1-Q015,2016,15,International Monetary and Financial Committee (IMFC),International Monetary Fund,2015-04-17,True,https://meetings.imf.org/en/2015/Spring/Participants,PRIMARY_CANDIDATE,"IMF 2015 Spring Meetings page explicitly identifies observer institutions to the IMFC and provides the 2015 meeting context; use as primary evidence for the World Bank observer proposition, with final proposition-level archival verification still preferred."
15,UPSC-2016-GS1-Q016,2016,16,NOT YET PRIMARY-VERIFIED,,,,,UNVERIFIED,Full-year inventory completed. Secondary source-analysis claims were not promoted to original-source attribution. Primary source must be dated 2016 or earlier and matched at proposition level.
16,UPSC-2016-GS1-Q017,2016,17,NOT YET PRIMARY-VERIFIED,,,,,UNVERIFIED,Full-year inventory completed. Secondary source-analysis claims were not promoted to original-source attribution. Primary source must be dated 2016 or earlier and matched at proposition level.
17,UPSC-2016-GS1-Q018,2016,18,NOT YET PRIMARY-VERIFIED,,,,,UNVERIFIED,Full-year inventory completed. Secondary source-analysis claims were not promoted to original-source attribution. Primary source must be dated 2016 or earlier and matched at proposition level.
18,UPSC-2016-GS1-Q019,2016,19,NOT YET PRIMARY-VERIFIED,,,,,UNVERIFIED,Full-year inventory completed. Secondary source-analysis claims were not promoted to original-source attribution. Primary source must be dated 2016 or earlier and matched at proposition level.
19,UPSC-2016-GS1-Q020,2016,20,NOT YET PRIMARY-VERIFIED,,,,,UNVERIFIED,Full-year inventory completed. Secondary source-analysis claims were not promoted to original-source attribution. Primary source must be dated 2016 or earlier and matched at proposition level.
20,UPSC-2016-GS1-Q021,2016,21,NOT YET PRIMARY-VERIFIED,,,,,UNVERIFIED,Full-year inventory completed. Secondary source-analysis claims were not promoted to original-source attribution. Primary source must be dated 2016 or earlier and matched at proposition level.
21,UPSC-2016-GS1-Q022,2016,22,NOT YET PRIMARY-VERIFIED,,,,,UNVERIFIED,Full-year inventory completed. Secondary source-analysis claims were not promoted to original-source attribution. Primary source must be dated 2016 or earlier and matched at proposition level.
22,UPSC-2016-GS1-Q023,2016,23,NOT YET PRIMARY-VERIFIED,,,,,UNVERIFIED,Full-year inventory completed. Secondary source-analysis claims were not promoted to original-source attribution. Primary source must be dated 2016 or earlier and matched at proposition level.
23,UPSC-2016-GS1-Q024,2016,24,NOT YET PRIMARY-VERIFIED,,,,,UNVERIFIED,Full-year inventory completed. Secondary source-analysis claims were not promoted to original-source attribution. Primary source must be dated 2016 or earlier and matched at proposition level.
24,UPSC-2016-GS1-Q025,2016,25,NOT YET PRIMARY-VERIFIED,,,,,UNVERIFIED,Full-year inventory completed. Secondary source-analysis claims were not promoted to original-source attribution. Primary source must be dated 2016 or earlier and matched at proposition level.
25,UPSC-2016-GS1-Q026,2016,26,NOT YET PRIMARY-VERIFIED,,,,,UNVERIFIED,Full-year inventory completed. Secondary source-analysis claims were not promoted to original-source attribution. Primary source must be dated 2016 or earlier and matched at proposition level.
26,UPSC-2016-GS1-Q027,2016,27,NOT YET PRIMARY-VERIFIED,,,,,UNVERIFIED,Full-year inventory completed. Secondary source-analysis claims were not promoted to original-source attribution. Primary source must be dated 2016 or earlier and matched at proposition level.
27,UPSC-2016-GS1-Q028,2016,28,NOT YET PRIMARY-VERIFIED,,,,,UNVERIFIED,Full-year inventory completed. Secondary source-analysis claims were not promoted to original-source attribution. Primary source must be dated 2016 or earlier and matched at proposition level.
28,UPSC-2016-GS1-Q029,2016,29,NOT YET PRIMARY-VERIFIED,,,,,UNVERIFIED,Full-year inventory completed. Secondary source-analysis claims were not promoted to original-source attribution. Primary source must be dated 2016 or earlier and matched at proposition level.
29,UPSC-2016-GS1-Q030,2016,30,NOT YET PRIMARY-VERIFIED,,,,,UNVERIFIED,Full-year inventory completed. Secondary source-analysis claims were not promoted to original-source attribution. Primary source must be dated 2016 or earlier and matched at proposition level.
30,UPSC-2016-GS1-Q031,2016,31,NOT YET PRIMARY-VERIFIED,,,,,UNVERIFIED,Full-year inventory completed. Secondary source-analysis claims were not promoted to original-source attribution. Primary source must be dated 2016 or earlier and matched at proposition level.
31,UPSC-2016-GS1-Q032,2016,32,NOT YET PRIMARY-VERIFIED,,,,,UNVERIFIED,Full-year inventory completed. Secondary source-analysis claims were not promoted to original-source attribution. Primary source must be dated 2016 or earlier and matched at proposition level.
32,UPSC-2016-GS1-Q033,2016,33,NOT YET PRIMARY-VERIFIED,,,,,UNVERIFIED,Full-year inventory completed. Secondary source-analysis claims were not promoted to original-source attribution. Primary source must be dated 2016 or earlier and matched at proposition level.
33,UPSC-2016-GS1-Q034,2016,34,NOT YET PRIMARY-VERIFIED,,,,,UNVERIFIED,Full-year inventory completed. Secondary source-analysis claims were not promoted to original-source attribution. Primary source must be dated 2016 or earlier and matched at proposition level.
34,UPSC-2016-GS1-Q035,2016,35,NOT YET PRIMARY-VERIFIED,,,,,UNVERIFIED,Full-year inventory completed. Secondary source-analysis claims were not promoted to original-source attribution. Primary source must be dated 2016 or earlier and matched at proposition level.
35,UPSC-2016-GS1-Q036,2016,36,NOT YET PRIMARY-VERIFIED,,,,,UNVERIFIED,Full-year inventory completed. Secondary source-analysis claims were not promoted to original-source attribution. Primary source must be dated 2016 or earlier and matched at proposition level.
36,UPSC-2016-GS1-Q037,2016,37,NOT YET PRIMARY-VERIFIED,,,,,UNVERIFIED,Full-year inventory completed. Secondary source-analysis claims were not promoted to original-source attribution. Primary source must be dated 2016 or earlier and matched at proposition level.
37,UPSC-2016-GS1-Q038,2016,38,NOT YET PRIMARY-VERIFIED,,,,,UNVERIFIED,Full-year inventory completed. Secondary source-analysis claims were not promoted to original-source attribution. Primary source must be dated 2016 or earlier and matched at proposition level.
38,UPSC-2016-GS1-Q039,2016,39,NOT YET PRIMARY-VERIFIED,,,,,UNVERIFIED,Full-year inventory completed. Secondary source-analysis claims were not promoted to original-source attribution. Primary source must be dated 2016 or earlier and matched at proposition level.
39,UPSC-2016-GS1-Q040,2016,40,NOT YET PRIMARY-VERIFIED,,,,,UNVERIFIED,Full-year inventory completed. Secondary source-analysis claims were not promoted to original-source attribution. Primary source must be dated 2016 or earlier and matched at proposition level.
40,UPSC-2016-GS1-Q041,2016,41,NOT YET PRIMARY-VERIFIED,,,,,UNVERIFIED,Full-year inventory completed. Secondary source-analysis claims were not promoted to original-source attribution. Primary source must be dated 2016 or earlier and matched at proposition level.
41,UPSC-2016-GS1-Q042,2016,42,NOT YET PRIMARY-VERIFIED,,,,,UNVERIFIED,Full-year inventory completed. Secondary source-analysis claims were not promoted to original-source attribution. Primary source must be dated 2016 or earlier and matched at proposition level.
42,UPSC-2016-GS1-Q043,2016,43,NOT YET PRIMARY-VERIFIED,,,,,UNVERIFIED,Full-year inventory completed. Secondary source-analysis claims were not promoted to original-source attribution. Primary source must be dated 2016 or earlier and matched at proposition level.
43,UPSC-2016-GS1-Q044,2016,44,NOT YET PRIMARY-VERIFIED,,,,,UNVERIFIED,Full-year inventory completed. Secondary source-analysis claims were not promoted to original-source attribution. Primary source must be dated 2016 or earlier and matched at proposition level.
44,UPSC-2016-GS1-Q045,2016,45,NOT YET PRIMARY-VERIFIED,,,,,UNVERIFIED,Full-year inventory completed. Secondary source-analysis claims were not promoted to original-source attribution. Primary source must be dated 2016 or earlier and matched at proposition level.
45,UPSC-2016-GS1-Q046,2016,46,NOT YET PRIMARY-VERIFIED,,,,,UNVERIFIED,Full-year inventory completed. Secondary source-analysis claims were not promoted to original-source attribution. Primary source must be dated 2016 or earlier and matched at proposition level.
46,UPSC-2016-GS1-Q047,2016,47,NOT YET PRIMARY-VERIFIED,,,,,UNVERIFIED,Full-year inventory completed. Secondary source-analysis claims were not promoted to original-source attribution. Primary source must be dated 2016 or earlier and matched at proposition level.
47,UPSC-2016-GS1-Q048,2016,48,NOT YET PRIMARY-VERIFIED,,,,,UNVERIFIED,Full-year inventory completed. Secondary source-analysis claims were not promoted to original-source attribution. Primary source must be dated 2016 or earlier and matched at proposition level.
48,UPSC-2016-GS1-Q049,2016,49,NOT YET PRIMARY-VERIFIED,,,,,UNVERIFIED,Full-year inventory completed. Secondary source-analysis claims were not promoted to original-source attribution. Primary source must be dated 2016 or earlier and matched at proposition level.
49,UPSC-2016-GS1-Q050,2016,50,NOT YET PRIMARY-VERIFIED,,,,,UNVERIFIED,Full-year inventory completed. Secondary source-analysis claims were not promoted to original-source attribution. Primary source must be dated 2016 or earlier and matched at proposition level.
50,UPSC-2016-GS1-Q051,2016,51,NOT YET PRIMARY-VERIFIED,,,,,UNVERIFIED,Full-year inventory completed. Secondary source-analysis claims were not promoted to original-source attribution. Primary source must be dated 2016 or earlier and matched at proposition level.
51,UPSC-2016-GS1-Q052,2016,52,Globally Important Agricultural Heritage Systems (GIAHS),FAO,2002-01-01,True,https://www.fao.org/giahs/frequently-asked-questions/,PRIMARY_CANDIDATE,FAO primary page establishes GIAHS definition and origin; BYJU's explicitly attributes the question to FAO. Need archival pre-2016 page/document for exact proposition-level match.
52,UPSC-2016-GS1-Q053,2016,53,NOT YET PRIMARY-VERIFIED,,,,,UNVERIFIED,Full-year inventory completed. Secondary source-analysis claims were not promoted to original-source attribution. Primary source must be dated 2016 or earlier and matched at proposition level.
53,UPSC-2016-GS1-Q054,2016,54,NOT YET PRIMARY-VERIFIED,,,,,UNVERIFIED,Full-year inventory completed. Secondary source-analysis claims were not promoted to original-source attribution. Primary source must be dated 2016 or earlier and matched at proposition level.
54,UPSC-2016-GS1-Q055,2016,55,NOT YET PRIMARY-VERIFIED,,,,,UNVERIFIED,Full-year inventory completed. Secondary source-analysis claims were not promoted to original-source attribution. Primary source must be dated 2016 or earlier and matched at proposition level.
55,UPSC-2016-GS1-Q056,2016,56,NOT YET PRIMARY-VERIFIED,,,,,UNVERIFIED,Full-year inventory completed. Secondary source-analysis claims were not promoted to original-source attribution. Primary source must be dated 2016 or earlier and matched at proposition level.
56,UPSC-2016-GS1-Q057,2016,57,NOT YET PRIMARY-VERIFIED,,,,,UNVERIFIED,Full-year inventory completed. Secondary source-analysis claims were not promoted to original-source attribution. Primary source must be dated 2016 or earlier and matched at proposition level.
57,UPSC-2016-GS1-Q058,2016,58,NOT YET PRIMARY-VERIFIED,,,,,UNVERIFIED,Full-year inventory completed. Secondary source-analysis claims were not promoted to original-source attribution. Primary source must be dated 2016 or earlier and matched at proposition level.
58,UPSC-2016-GS1-Q059,2016,59,NOT YET PRIMARY-VERIFIED,,,,,UNVERIFIED,Full-year inventory completed. Secondary source-analysis claims were not promoted to original-source attribution. Primary source must be dated 2016 or earlier and matched at proposition level.
59,UPSC-2016-GS1-Q060,2016,60,NOT YET PRIMARY-VERIFIED,,,,,UNVERIFIED,Full-year inventory completed. Secondary source-analysis claims were not promoted to original-source attribution. Primary source must be dated 2016 or earlier and matched at proposition level.
60,UPSC-2016-GS1-Q061,2016,61,NOT YET PRIMARY-VERIFIED,,,,,UNVERIFIED,Full-year inventory completed. Secondary source-analysis claims were not promoted to original-source attribution. Primary source must be dated 2016 or earlier and matched at proposition level.
61,UPSC-2016-GS1-Q062,2016,62,NOT YET PRIMARY-VERIFIED,,,,,UNVERIFIED,Full-year inventory completed. Secondary source-analysis claims were not promoted to original-source attribution. Primary source must be dated 2016 or earlier and matched at proposition level.
62,UPSC-2016-GS1-Q063,2016,63,NOT YET PRIMARY-VERIFIED,,,,,UNVERIFIED,Full-year inventory completed. Secondary source-analysis claims were not promoted to original-source attribution. Primary source must be dated 2016 or earlier and matched at proposition level.
63,UPSC-2016-GS1-Q064,2016,64,NOT YET PRIMARY-VERIFIED,,,,,UNVERIFIED,Full-year inventory completed. Secondary source-analysis claims were not promoted to original-source attribution. Primary source must be dated 2016 or earlier and matched at proposition level.
64,UPSC-2016-GS1-Q65,2016,65,"Gram Nyayalayas Act, 2008","Department of Justice, Government of India",2008-01-01,True,https://doj.gov.in/,PRIMARY_CANDIDATE,BYJU's points to Department of Justice Gram Nyayalayas material; underlying Act predates 2016. Exact archived PDF retrieval still required for primary verification.
65,UPSC-2016-GS1-Q066,2016,66,NOT YET PRIMARY-VERIFIED,,,,,UNVERIFIED,Full-year inventory completed. Secondary source-analysis claims were not promoted to original-source attribution. Primary source must be dated 2016 or earlier and matched at proposition level.
66,UPSC-2016-GS1-Q067,2016,67,NOT YET PRIMARY-VERIFIED,,,,,UNVERIFIED,Full-year inventory completed. Secondary source-analysis claims were not promoted to original-source attribution. Primary source must be dated 2016 or earlier and matched at proposition level.
67,UPSC-2016-GS1-Q068,2016,68,NOT YET PRIMARY-VERIFIED,,,,,UNVERIFIED,Full-year inventory completed. Secondary source-analysis claims were not promoted to original-source attribution. Primary source must be dated 2016 or earlier and matched at proposition level.
68,UPSC-2016-GS1-Q069,2016,69,NOT YET PRIMARY-VERIFIED,,,,,UNVERIFIED,Full-year inventory completed. Secondary source-analysis claims were not promoted to original-source attribution. Primary source must be dated 2016 or earlier and matched at proposition level.
69,UPSC-2016-GS1-Q070,2016,70,NOT YET PRIMARY-VERIFIED,,,,,UNVERIFIED,Full-year inventory completed. Secondary source-analysis claims were not promoted to original-source attribution. Primary source must be dated 2016 or earlier and matched at proposition level.
70,UPSC-2016-GS1-Q071,2016,71,NOT YET PRIMARY-VERIFIED,,,,,UNVERIFIED,Full-year inventory completed. Secondary source-analysis claims were not promoted to original-source attribution. Primary source must be dated 2016 or earlier and matched at proposition level.
71,UPSC-2016-GS1-Q072,2016,72,NOT YET PRIMARY-VERIFIED,,,,,UNVERIFIED,Full-year inventory completed. Secondary source-analysis claims were not promoted to original-source attribution. Primary source must be dated 2016 or earlier and matched at proposition level.
72,UPSC-2016-GS1-Q073,2016,73,NOT YET PRIMARY-VERIFIED,,,,,UNVERIFIED,Full-year inventory completed. Secondary source-analysis claims were not promoted to original-source attribution. Primary source must be dated 2016 or earlier and matched at proposition level.
73,UPSC-2016-GS1-Q074,2016,74,NOT YET PRIMARY-VERIFIED,,,,,UNVERIFIED,Full-year inventory completed. Secondary source-analysis claims were not promoted to original-source attribution. Primary source must be dated 2016 or earlier and matched at proposition level.
74,UPSC-2016-GS1-Q075,2016,75,NOT YET PRIMARY-VERIFIED,,,,,UNVERIFIED,Full-year inventory completed. Secondary source-analysis claims were not promoted to original-source attribution. Primary source must be dated 2016 or earlier and matched at proposition level.
75,UPSC-2016-GS1-Q076,2016,76,NOT YET PRIMARY-VERIFIED,,,,,UNVERIFIED,Full-year inventory completed. Secondary source-analysis claims were not promoted to original-source attribution. Primary source must be dated 2016 or earlier and matched at proposition level.
76,UPSC-2016-GS1-Q077,2016,77,NOT YET PRIMARY-VERIFIED,,,,,UNVERIFIED,Full-year inventory completed. Secondary source-analysis claims were not promoted to original-source attribution. Primary source must be dated 2016 or earlier and matched at proposition level.
77,UPSC-2016-GS1-Q078,2016,78,NOT YET PRIMARY-VERIFIED,,,,,UNVERIFIED,Full-year inventory completed. Secondary source-analysis claims were not promoted to original-source attribution. Primary source must be dated 2016 or earlier and matched at proposition level.
78,UPSC-2016-GS1-Q079,2016,79,NOT YET PRIMARY-VERIFIED,,,,,UNVERIFIED,Full-year inventory completed. Secondary source-analysis claims were not promoted to original-source attribution. Primary source must be dated 2016 or earlier and matched at proposition level.
79,UPSC-2016-GS1-Q80,2016,80,Greenhouse Gas Protocol,GHG Protocol / World Resources Institute,2004-01-01,True,https://ghgprotocol.org/,PRIMARY_CANDIDATE,BYJU's identifies WRI GHG Protocol; the standard predates 2016. Exact archived page/document should be captured before upgrading to PRIMARY_VERIFIED.
80,UPSC-2016-GS1-Q081,2016,81,NOT YET PRIMARY-VERIFIED,,,,,UNVERIFIED,Full-year inventory completed. Secondary source-analysis claims were not promoted to original-source attribution. Primary source must be dated 2016 or earlier and matched at proposition level.
81,UPSC-2016-GS1-Q082,2016,82,NOT YET PRIMARY-VERIFIED,,,,,UNVERIFIED,Full-year inventory completed. Secondary source-analysis claims were not promoted to original-source attribution. Primary source must be dated 2016 or earlier and matched at proposition level.
82,UPSC-2016-GS1-Q083,2016,83,NOT YET PRIMARY-VERIFIED,,,,,UNVERIFIED,Full-year inventory completed. Secondary source-analysis claims were not promoted to original-source attribution. Primary source must be dated 2016 or earlier and matched at proposition level.
83,UPSC-2016-GS1-Q084,2016,84,NOT YET PRIMARY-VERIFIED,,,,,UNVERIFIED,Full-year inventory completed. Secondary source-analysis claims were not promoted to original-source attribution. Primary source must be dated 2016 or earlier and matched at proposition level.
84,UPSC-2016-GS1-Q085,2016,85,NOT YET PRIMARY-VERIFIED,,,,,UNVERIFIED,Full-year inventory completed. Secondary source-analysis claims were not promoted to original-source attribution. Primary source must be dated 2016 or earlier and matched at proposition level.
85,UPSC-2016-GS1-Q086,2016,86,NOT YET PRIMARY-VERIFIED,,,,,UNVERIFIED,Full-year inventory completed. Secondary source-analysis claims were not promoted to original-source attribution. Primary source must be dated 2016 or earlier and matched at proposition level.
86,UPSC-2016-GS1-Q087,2016,87,NOT YET PRIMARY-VERIFIED,,,,,UNVERIFIED,Full-year inventory completed. Secondary source-analysis claims were not promoted to original-source attribution. Primary source must be dated 2016 or earlier and matched at proposition level.
87,UPSC-2016-GS1-Q088,2016,88,NOT YET PRIMARY-VERIFIED,,,,,UNVERIFIED,Full-year inventory completed. Secondary source-analysis claims were not promoted to original-source attribution. Primary source must be dated 2016 or earlier and matched at proposition level.
88,UPSC-2016-GS1-Q089,2016,89,NOT YET PRIMARY-VERIFIED,,,,,UNVERIFIED,Full-year inventory completed. Secondary source-analysis claims were not promoted to original-source attribution. Primary source must be dated 2016 or earlier and matched at proposition level.
89,UPSC-2016-GS1-Q090,2016,90,NOT YET PRIMARY-VERIFIED,,,,,UNVERIFIED,Full-year inventory completed. Secondary source-analysis claims were not promoted to original-source attribution. Primary source must be dated 2016 or earlier and matched at proposition level.
90,UPSC-2016-GS1-Q091,2016,91,NOT YET PRIMARY-VERIFIED,,,,,UNVERIFIED,Full-year inventory completed. Secondary source-analysis claims were not promoted to original-source attribution. Primary source must be dated 2016 or earlier and matched at proposition level.
91,UPSC-2016-GS1-Q092,2016,92,NOT YET PRIMARY-VERIFIED,,,,,UNVERIFIED,Full-year inventory completed. Secondary source-analysis claims were not promoted to original-source attribution. Primary source must be dated 2016 or earlier and matched at proposition level.
92,UPSC-2016-GS1-Q093,2016,93,NOT YET PRIMARY-VERIFIED,,,,,UNVERIFIED,Full-year inventory completed. Secondary source-analysis claims were not promoted to original-source attribution. Primary source must be dated 2016 or earlier and matched at proposition level.
93,UPSC-2016-GS1-Q094,2016,94,NOT YET PRIMARY-VERIFIED,,,,,UNVERIFIED,Full-year inventory completed. Secondary source-analysis claims were not promoted to original-source attribution. Primary source must be dated 2016 or earlier and matched at proposition level.
94,UPSC-2016-GS1-Q095,2016,95,NOT YET PRIMARY-VERIFIED,,,,,UNVERIFIED,Full-year inventory completed. Secondary source-analysis claims were not promoted to original-source attribution. Primary source must be dated 2016 or earlier and matched at proposition level.
95,UPSC-2016-GS1-Q096,2016,96,NOT YET PRIMARY-VERIFIED,,,,,UNVERIFIED,Full-year inventory completed. Secondary source-analysis claims were not promoted to original-source attribution. Primary source must be dated 2016 or earlier and matched at proposition level.
96,UPSC-2016-GS1-Q097,2016,97,NOT YET PRIMARY-VERIFIED,,,,,UNVERIFIED,Full-year inventory completed. Secondary source-analysis claims were not promoted to original-source attribution. Primary source must be dated 2016 or earlier and matched at proposition level.
97,UPSC-2016-GS1-Q098,2016,98,NOT YET PRIMARY-VERIFIED,,,,,UNVERIFIED,Full-year inventory completed. Secondary source-analysis claims were not promoted to original-source attribution. Primary source must be dated 2016 or earlier and matched at proposition level.
98,UPSC-2016-GS1-Q099,2016,99,NOT YET PRIMARY-VERIFIED,,,,,UNVERIFIED,Full-year inventory completed. Secondary source-analysis claims were not promoted to original-source attribution. Primary source must be dated 2016 or earlier and matched at proposition level.
99,UPSC-2016-GS1-Q100,2016,100,"Global Financial Stability Report, April 2015",International Monetary Fund,2015-04-15,True,https://www.imf.org/en/publications/gfsr/issues/2016/12/31/global-financial-stability-report-april-2015-navigating-monetary-policy-challenges-and-42422,PRIMARY_VERIFIED,IMF primary publication dated 15 Apr 2015; the report identifies the IMF as publisher/authoring institution and directly supports the report identity. Setter-source attribution remains unproven.
