question_id,year,qnum,source_candidate,source_organization,source_date,source_year_ok,source_url,evidence_status,verification_note
UPSC-2016-GS1-Q001,2016,1,Atal Pension Yojana,Government of India / Ministry of Finance / PIB,2015-03-01,True,https://www.pib.gov.in/newsite/erelcontent.aspx?lang=2&reg=48&relid=116208,PRIMARY_CANDIDATE,Primary government release predates 2016; exact scheme facts match the question theme. Exact setter-source attribution remains unproven.
UPSC-2016-GS1-Q052,2016,52,Globally Important Agricultural Heritage Systems (GIAHS),FAO,2002-01-01,True,https://www.fao.org/giahs/frequently-asked-questions/,PRIMARY_CANDIDATE,FAO primary page establishes GIAHS definition and origin; BYJU's explicitly attributes the question to FAO. Need archival pre-2016 page/document for exact proposition-level match.
UPSC-2016-GS1-Q65,2016,65,"Gram Nyayalayas Act, 2008","Department of Justice, Government of India",2008-01-01,True,https://doj.gov.in/,PRIMARY_CANDIDATE,BYJU's points to Department of Justice Gram Nyayalayas material; underlying Act predates 2016. Exact archived PDF retrieval still required for primary verification.
UPSC-2016-GS1-Q80,2016,80,Greenhouse Gas Protocol,GHG Protocol / World Resources Institute,2004-01-01,True,https://ghgprotocol.org/,PRIMARY_CANDIDATE,BYJU's identifies WRI GHG Protocol; the standard predates 2016. Exact archived page/document should be captured before upgrading to PRIMARY_VERIFIED.
UPSC-2016-GS1-Q100,2016,100,Global Financial Stability Report,International Monetary Fund,2015-04-15,True,https://www.imf.org/en/publications/gfsr/issues/2016/12/31/global-financial-stability-report-april-2015-navigating-monetary-policy-challenges-and-42422,PRIMARY_CANDIDATE,"IMF's April 2015 GFSR is a primary publication predating the 2016 paper; BYJU's identifies IMF as a source. Question asks who prepares GFSR, so this establishes the institution but exact setter-source attribution is not disclosed."
UPSC-2016-GS1-Q004,2016,4,Guidelines for Licensing of Payments Banks,Reserve Bank of India,2014-11-27,True,https://www.rbi.org.in/Scripts/bs_viewcontent.aspx?Id=2900,PRIMARY_VERIFIED,RBI final guidelines dated 27 Nov 2014 establish eligible promoters including resident mobile telephone companies/supermarket chains and state that Payments Banks cannot undertake lending; proposition-level evidence supports the question.
UPSC-2016-GS1-Q006,2016,6,Intended Nationally Determined Contributions (INDCs),UNFCCC,2015-11-01,True,https://www.unfccc.int/process-and-meetings/the-paris-agreement/nationally-determined-contributions-ndcs/indcs,PRIMARY_VERIFIED,UNFCCC records INDCs as country communications under the pre-Paris process and notes its 1 Nov 2015 synthesis report; this directly supports the climate-change context.
UPSC-2016-GS1-Q007,2016,7,UDAY (Ujwal DISCOM Assurance Yojana),Government of India / Ministry of Power / PIB,2015-11-05,True,https://www.pib.gov.in/newsite/printrelease.aspx?lang=2&reg=3&relid=130262,PRIMARY_VERIFIED,PIB release dated 5 Nov 2015 states UDAY provides financial turnaround and revival of Power Distribution Companies.
UPSC-2016-GS1-Q008,2016,8,IFC Masala Bonds,International Finance Corporation / World Bank,2015-01-01,True,https://documents1.worldbank.org/curated/en/682211467997285993/pdf/103210-AR-Box394958B-PUBLIC-IFC-AR15-Full.pdf,PRIMARY_VERIFIED,IFC Annual Report 2015 documents the offshore rupee-denominated Masala Bond programme and its purpose; exact question propositions are supported by the primary institutional report.
UPSC-2016-GS1-Q011,2016,11,WTO domestic-support boxes (Amber/Blue/Green),World Trade Organization,2010-12-06,True,https://www.wto.org/english/news_e/news10_e/agng_06dec10_e.htm,PRIMARY_VERIFIED,"WTO source defines Amber, Blue and Green Boxes under agricultural domestic support, directly matching the terminology in the question."
UPSC-2016-GS1-Q012,2016,12,Union Government Capital Budget,Government of India / India Budget,2015-02-01,True,https://www.indiabudget.gov.in/budget2015-2016/ub2015-16/keybud/keybud2015.pdf,PRIMARY_VERIFIED,"Union Budget 2015-16 Key to Budget states capital budget comprises capital receipts/payments, including foreign-government loans, asset acquisition expenditure, and loans/advances to States/UTs."
UPSC-2016-GS1-Q014,2016,14,Chinese Renminbi inclusion in IMF SDR basket,International Monetary Fund,2015-11-30,True,https://www.imf.org/en/news/articles/2015/09/14/01/49/pr15540,PRIMARY_VERIFIED,IMF press release dated 30 Nov 2015 states the Chinese renminbi was decided for inclusion as the fifth SDR-basket currency effective 1 Oct 2016.
UPSC-2016-GS1-Q015,2016,15,International Monetary and Financial Committee (IMFC),International Monetary Fund,2015-04-17,True,https://meetings.imf.org/en/2015/Spring/Participants,PRIMARY_CANDIDATE,"IMF 2015 Spring Meetings page explicitly identifies observer institutions to the IMFC and provides the 2015 meeting context; use as primary evidence for the World Bank observer proposition, with final proposition-level archival verification still preferred."
