source_id,tier,source,source_date,data_class,signal,access,source_url,notes
UPSC-OFFICIAL-2026,Tier-1 Official,UPSC Civil Services Preliminary Examination 2026,2026-05-25,official_paper,official GS-I/GS-II upload date and exam record,public,https://www.upsc.gov.in/examinations/Civil%20Services%20%28Preliminary%29%20Examination%2C%202026,Official paper/source-of-record; no setter-source attribution.
UPSC-ARCHIVE,Tier-1 Official,UPSC Previous Question Papers,ongoing,official_archive,historical PYQ source-of-record,public,https://www.upsc.gov.in/examinations/previous-question-papers,Use for official paper retrieval.
VISION-2026,Tier-2 Professional analysis,VisionIAS UPSC Prelims 2026 analysis,2026-05-26,post_exam_analysis,format/subject/source-type cross-check,public,https://visionias.in/blog/upsc-news/upsc-prelims-2026-question-paper-gs-csat-download-with-answer-key-subject-wise-analysis,Secondary analysis; not UPSC disclosure.
VISION-2026-PDF,Tier-2 Professional analysis,VisionIAS Analysis/Approach/Source/Strategy 2026,2026-06,post_exam_analysis,format innovation; integrated concepts; subject-share change,public,https://cdn.visionias.in/value_added_material/6a1ad56e01b82_analysis_approach_source_strategy_general_studies_pre_paper_i_2026_e.pdf,Secondary analytical source.
INSIGHTS-2026,Tier-2 Professional analysis,InsightsIAS UPSC Prelims 2026 analysis,2026-05-26,post_exam_analysis,depth; current-static linkage; statement length; analytical demand,public,https://www.insightsonindia.com/2026/05/26/upsc-prelims-2026-analysis-a-lengthy-tough-and-current-affairs-heavy-paper/,Secondary analysis; not official labels.
ANANTAM-2026,Tier-2 Professional analysis,Anantam IAS 2026 all-100 format analysis,2026-09-15,post_exam_analysis,count/relationship/case-study buckets,public,https://anantamias.com/upsc-prelims-exam-analysis-2026/,Analytical categorisation.
PMF-2027,Tier-3 Mock ecosystem,PMF IAS Prelims Cracker 2027,2026-07-01,post_2026_mock,large static+CA+FLT ecosystem,public,https://www.pmfias.com/test/,Provider program structure; question-level content not assumed where gated.
FORUM-2027,Tier-3 Mock ecosystem,ForumIAS PTS 2027,2026-09,post_2026_mock,sectional→comprehensive→simulator→CA; 20–25 CA Q per full test,public,https://academy.forumias.com/pts,Provider structure; not predictive validity.
TESTBOOK-2027,Tier-3 Mock ecosystem,Testbook UPSC CSE Prelims 2027,2026-09-10,post_2026_mock,123 GS chapter; 24 CA; 5 subject; 20 full tests; 32 PYQ,public,https://testbook.com/upsc-civil-services/test-series,Public catalog; gated content not inferred.
CLEARIAS-2027,Tier-3 Mock ecosystem,ClearIAS UPSC Prelims Test Series 2027,2026-06,post_2026_mock,40 GS mocks; NCERT; standard; CA; full-topic,public,https://www.clearias.com/upsc-prelims-test-series/,Public catalog; question access may require enrollment.
DRISHTI-2027,Tier-3 Mock ecosystem,Drishti IAS Prelims Test Series 2027 / Pre Prayaas,2026-07-12,post_2026_mock,24 GS + 16 CSAT package; 15 months CA; static+application; bilingual,public,https://www.drishtiias.com/hindi/prelims-test-series,Public program page.
DRISHTI-OPEN-2027,Tier-3 Mock ecosystem,Drishti Pre Prayaas Open Mock 2027,2026-07-11,post_2026_mock,free open GS-I/CSAT mock; 120 min; previous 15 months CA,public,https://www.drishtiias.com/hindi/upsc-all-india-prelims-open-mock-test,Open mock metadata is public; unseen question content is not inferred.
IE-WEEKLY-2026-09,Tier-3 Public quiz stream,Indian Express UPSC Essentials Weekly Current Affairs Quiz 13–19 Sep 2026,2026-09-20,post_2026_quiz,current-topic pulse across polity/economy/environment/IR/S&T,public,https://indianexpress.com/article/upsc-current-affairs/upsc-essentials/upsc-weekly-current-affairs-quiz-september-13-september-19-10885371/,Public 10-question weekly quiz with explanations.
IE-WEEKLY-2026-09-06,Tier-3 Public quiz stream,Indian Express UPSC Essentials Weekly Quiz 6–12 Sep 2026,2026-09-13,post_2026_quiz,BRICS; pipelines; Ganga tributaries; trade relations,public,https://indianexpress.com/article/upsc-current-affairs/upsc-essentials/upsc-weekly-quiz-september-06-september-12-prelims-2027-10875460/,Public weekly quiz.
IE-HISTORY-2026-09-21,Tier-3 Public quiz stream,Indian Express History Subject Quiz Week 165,2026-09-21,post_2026_quiz,freedom struggle; cultural heritage; Manipur; architecture; numismatics,public,https://indianexpress.com/article/upsc-current-affairs/upsc-essentials/upsc-quiz-history-culture-week-165-freedom-struggle-manipur-10886826/,Public subject quiz.
IE-ENVGEO-2026-09-19,Tier-3 Public quiz stream,Indian Express Environment & Geography Subject Quiz Week 180,2026-09-19,post_2026_quiz,Project Cheetah; NGT; environment/geography integration,public,https://indianexpress.com/article/upsc-current-affairs/upsc-essentials/upsc-daily-subject-quiz-environment-and-geography-week-180-10884158/,Public subject quiz.
IE-PULSE-2026-09-20,Tier-3 Public current affairs,Indian Express Top 20 UPSC current affairs pointers Sep 14–20 2026,2026-09-20,post_2026_current_affairs,current issues across mobility; gender; semicon; UCC; e-commerce; quantum; space; environment,public,https://indianexpress.com/article/upsc-current-affairs/upsc-essentials/top-20-upsc-current-affairs-pointers-september-14-to-20-2026-10879936/,Topic-pulse only; not a mock.
