source_id,type,name,date_or_start,url,use_in_phase_A,access_caveat,cutoff_pass
SRC-001,official,UPSC Previous Question Papers archive,ongoing,https://www.upsc.gov.in/examinations/previous-question-papers,Paper source-of-record,Does not disclose setter-source attribution.,PASS
SRC-002,official,UPSC Answer Keys archive,ongoing,https://www.upsc.gov.in/examinations/answer-key/archives,Answer-key source-of-record where published,Use year/exam-specific key; preserve dropped/cancelled status.,PASS
SRC-003,secondary_analysis,VisionIAS — UPSC Prelims 2026 detailed analysis,2026-05-25,https://wpblogadmin.visionias.in/english/upsc-prelims-2026-detailed-analysis-of-gs1-with-answer-key/,2026 format/subject cross-check,Secondary analytical taxonomy.,PASS
SRC-004,secondary_analysis,BYJU'S — UPSC 2016 question-wise analysis,2016,https://byjus.com/free-ias-prep/upsc-prelims-exam-2016-gs-1-solutions-analysis-answer-key/,2016 source-claim cross-check,Secondary claims; not setter provenance.,PASS
SRC-005,secondary_analysis,SuperKalam — UPSC Prelims 2014 analysis,2014 retrospective page,https://superkalam.com/upsc-prelims/previous-year-question-paper/2014/gs-analysis/social-issues-and-schemes,2014 taxonomy/difficulty/format cross-check,Current retrospective publication; not original source.,PASS
SRC-006,secondary_analysis,SuperKalam — UPSC Prelims 2015 analysis,2015 retrospective page,https://superkalam.com/upsc-prelims/previous-year-question-paper/2015/gs-analysis/social-issues-and-schemes,2015 taxonomy/difficulty/format cross-check,Current retrospective publication; not original source.,PASS
SRC-007,secondary_analysis,Anantam IAS — UPSC Prelims 2026 detailed analysis,2026-09-15,https://anantamias.com/upsc-prelims-exam-analysis-2026/,2026 format/case/count/relationship cross-check,External analytical categorisation.,PASS
SRC-008,secondary_analysis,UnlockIAS — UPSC Prelims 2026 all-question inventory,2026 post-exam,https://www.unlockias.in/upsc-prelims-2026-gs-questions,2026 topic/source-reference cross-check,Secondary reproduction/solution; official paper remains source-of-record.,PASS
SRC-009,post_2026_mock,ForumIAS PTS 2027,2026-07 onward,https://academy.forumias.com/pts,Post-2026 test architecture,Catalog/schedule evidence; gated content not inferred.,PASS
SRC-010,post_2026_mock,PMF IAS Prelims Cracker 2027,2026-07-01,https://www.pmfias.com/test/,Post-2026 static/CA/FLT ecosystem,Provider structure; question-level paid content not inferred.,PASS
SRC-011,post_2026_mock,InsightsIAS Prelims Test Series 2027 3.0,2026-08-29,https://www.insightsias.com/,Post-2026 basic→intermediate→full architecture + analytics,Catalog evidence.,PASS
SRC-012,post_2026_mock,Testbook UPSC CSE Prelims 2027 Mock Series,2026-09-10,https://testbook.com/upsc-civil-services/test-series,Post-2026 chapter/subject/CA/full-test architecture,Public catalog; gated tests not inferred.,PASS
SRC-013,post_2026_mock,ClearIAS UPSC Prelims 2027,2026-06 verified,https://www.clearias.com/upsc-prelims-test-series/,Post-2026 NCERT/standard/CA/full-topic structure,Public catalog; access restrictions noted.,PASS
SRC-014,post_2026_mock,Drishti IAS Prelims Test Series 2027,2026-07-12,https://www.drishtiias.com/prelims-test-series,Post-2026 GS/CSAT schedule structure,Public schedule; question-level extraction not assumed.,PASS
SRC-015,post_2026_mock,Vajiram & Ravi PowerUp Prelims 2027,2026 current,https://vajiramandravi.com/courses/prelims-test-series/,Post-2026 sectional/full-length/current-affairs architecture,Provider claims kept separate from empirical UPSC evidence.,PASS
SRC-016,post_2026_quiz,Indian Express UPSC Essentials weekly current-affairs/subject quizzes,2026-09,https://indianexpress.com/section/upsc-current-affairs/upsc-essentials/,Public post-2026 question stream / topic pulse,Current-topic pulse only; not UPSC forecast.,PASS
SRC-017,official_public_reproduction,UNFCCC / World Bank / RBI / IMF / WTO / Government of India primary archives,various,https://unfccc.int/,Primary-source research pool for historical proposition verification,Use proposition-level matching and date ≤ PYQ year.,CHECK
