subtopic,all_2014_25,years_present,early_2014_18,recent_2021_25
Computer & Information Technology,32,10,14.0,8.0
Agriculture & Rural Development,29,11,15.0,6.0
International Environmental Treaties & Summits,29,10,22.0,6.0
Parliament & State Legislatures,28,12,15.0,8.0
International Organisations & Groupings,25,11,12.0,12.0
Constitutional Framework & Development,25,9,4.0,15.0
Pollution & Waste Management,24,10,5.0,13.0
Protected Areas & Wildlife,24,9,12.0,2.0
Ecosystems & Ecology Concepts,23,9,9.0,13.0
Sustainable Agriculture & Forestry,23,8,10.0,9.0
Climate Change & Greenhouse Gases,22,11,8.0,11.0
Financial Markets & Capital Markets,21,10,4.0,14.0
"Human Development, Poverty & Employment Schemes",21,7,10.0,6.0
Energy & Environment,20,11,9.0,8.0
Fiscal Policy & Budget,20,10,9.0,9.0
Health & Diseases,20,10,8.0,9.0
Biotechnology & Genetics,19,11,7.0,7.0
Environmental Governance & Legislation,19,11,9.0,7.0
Atmosphere & Climatology,19,10,5.0,12.0
Biodiversity & Conservation,19,10,10.0,7.0
Space Technology & Astronomy,18,12,9.0,6.0
Digital Payments & Financial Inclusion,18,10,11.0,6.0
Banking & Financial Sector,18,9,7.0,5.0
Infrastructure & Industry,18,8,9.0,6.0
International Relations & Treaties,17,8,8.0,6.0
Defence Technology,16,8,4.0,11.0
International Institutions & Reports,16,8,10.0,2.0
Philosophy & Religion,15,9,6.0,7.0
Judiciary,15,8,5.0,7.0
External Sector & Balance Of Payments,15,7,4.0,5.0
Union & State Executive,14,10,9.0,3.0
Indian Physical Geography,13,10,6.0,5.0
Constitutional Developments & British Plans (1909-1947),13,9,8.0,4.0
Indian Rivers & Water Resources,13,9,5.0,6.0
Monetary Policy & Money Supply,13,8,5.0,5.0
Architecture & World Heritage,12,9,5.0,6.0
Indian Agriculture & Land Use,11,8,2.0,5.0
International Trade & WTO,11,8,6.0,2.0
World Political Geography & Borders,11,8,5.0,5.0
Biology,11,6,6.0,3.0
Indian Government Schemes & Initiatives,11,6,7.0,4.0
Federalism & Centre–State Relations,10,9,3.0,6.0
Gandhian Mass Movements (1915-1942),10,8,5.0,3.0
Early Nationalism & Indian National Congress (1885-1915),10,7,7.0,1.0
Renewable Energy & Green Technologies,10,6,2.0,4.0
International Conflicts & Security,10,5,4.0,6.0
British Administration & Economic Policies,10,3,6.0,0.0
Literature & Languages,9,8,3.0,5.0
Constitutional & Statutory Bodies,9,6,1.0,6.0
Social & Religious Reform Movements,9,5,3.0,4.0
Fundamental Rights,8,7,2.0,4.0
Transport & Infrastructure Geography,8,6,3.0,5.0
Directive Principles Of State Policy,8,5,4.0,1.0
"Festivals, Crafts & Folk Traditions",8,5,8.0,0.0
National Income & Economic Growth,8,5,4.0,3.0
Physical Geography & Geomorphology,8,5,2.0,6.0
Music,7,6,3.0,2.0
Taxation,7,6,5.0,2.0
Water & Wetland Conservation,7,6,4.0,2.0
Ancient India,7,5,0.0,6.0
Elections & Electoral Reforms,7,5,4.0,3.0
Materials & Engineering,7,5,2.0,4.0
Political Theory & Concepts,7,4,5.0,1.0
World Geography,7,4,0.0,7.0
World Physical Geography,6,6,3.0,2.0
Oceanography,6,5,3.0,2.0
Astronomy & Earth–Sun System,6,4,1.0,5.0
Social Justice & Vulnerable Sections,6,4,1.0,3.0
Chemistry,5,5,1.0,3.0
Biogeography & Natural Vegetation,5,4,3.0,1.0
Economic & Mineral Geography,5,4,2.0,2.0
Economic Planning & Five-Year Plans,5,4,4.0,0.0
Key Personalities & Ideologies,5,4,1.0,2.0
Government Organizations,5,2,0.0,5.0
Disasters & Humanitarian Issues,4,4,2.0,2.0
Mughal Empire,4,4,2.0,1.0
"Peasant, Tribal & Labour Movements",4,4,2.0,0.0
Revolutionary & Communist Movements,4,4,2.0,2.0
Vijayanagara Empire,4,4,2.0,2.0
Advent Of Europeans & British Expansion,4,3,1.0,3.0
Delhi Sultanate,4,3,0.0,3.0
Medieval Administration & Socio-Economic Institutions,4,3,4.0,0.0
Other Sports & Personalities,4,3,0.0,4.0
Bhakti Movement,3,3,1.0,1.0
Biogeochemical Cycles & Earth Systems,3,3,1.0,2.0
Business & Economy,3,3,0.0,3.0
Cartography & Map Skills,3,3,3.0,0.0
Cultural Institutions & Awards,3,3,1.0,2.0
Mauryan Empire,3,3,1.0,1.0
Medieval Culture & Historiography,3,3,1.0,1.0
Medieval India,3,3,0.0,3.0
Physics,3,3,2.0,1.0
Pollution,3,3,1.0,1.0
Post-Gupta & Early Medieval Dynasties,3,3,0.0,2.0
Public Finance & Finance Commission,3,3,1.0,1.0
"Society, Law & Administration",3,3,0.0,2.0
South Indian Dynasties,3,3,2.0,1.0
Banking and Finance,3,2,1.0,2.0
Biodiversity,3,2,0.0,3.0
Buddhism & Jainism,3,2,1.0,0.0
