year,questions,subjects,negative_stem,explicit_ca,news_cue,mean_statement_count,mean_stem_words,full_text_rows,source_verified,source_candidate,unverified
2014,100,8,5,3,2,2.0,35.1,100,0,0,100
2015,100,8,7,9,13,1.34,31.3,100,0,0,100
2016,100,10,0,0,0,0.0,60.73,100,8,5,87
2017,100,9,11,5,11,1.56,39.59,100,0,0,100
2018,100,8,11,6,6,1.69,39.72,100,0,0,100
2019,100,8,17,2,6,1.62,39.42,100,0,0,100
2020,100,8,15,2,1,2.21,44.9,100,0,0,100
2021,100,8,6,5,1,1.82,40.32,100,0,0,100
2022,100,8,11,10,8,2.35,45.98,100,0,0,100
2023,100,10,4,10,4,1.75,45.61,100,0,0,100
2024,100,9,9,9,6,1.6,36.85,100,0,0,100
2025,100,9,11,6,1,2.11,51.64,100,0,0,100
2026,100,9,0,0,0,0.0,90.14,0,0,0,100
