source_id,category,name,publication_date,url,use,verification_note
UPSC-OFFICIAL-ARCHIVE,official,UPSC Previous Question Papers,ongoing archive,https://www.upsc.gov.in/examinations/previous-question-papers,paper source-of-record; official question provenance,Official archive; does not disclose setter-source attribution.
UPSC-2026-OFFICIAL,official,UPSC 2026 previous question papers / exam page,2026-05-25 paper upload,https://www.upsc.gov.in/examinations/previous-question-papers,2026 GS-I source-of-record,Use official paper; external subject/source classifications remain analytical.
VISION-2026,secondary_analysis,VisionIAS UPSC Prelims 2026 detailed analysis,2026-05-25,https://wpblogadmin.visionias.in/english/upsc-prelims-2026-detailed-analysis-of-gs1-with-answer-key/,format/subject/pattern cross-check,Coaching analysis; not UPSC disclosure.
UNLOCK-2026,secondary_analysis,UnlockIAS 2026 all-100 question inventory,2026 post-exam,https://www.unlockias.in/upsc-prelims-2026-gs-questions,question-topic/source-reference cross-check,Secondary classification; official paper remains source-of-record.
LEGACY-2026,secondary_analysis,Legacy IAS 2026 source mapping,2026-05-24,https://www.legacyias.com/upsc-prelims-2026-gs-paper-1-question-source-mapping/,source-family/question source claims for independent verification,Treat as claim-only until underlying primary source is independently verified.
ANANTAM-2026,secondary_analysis,Anantam IAS 2026 detailed all-100 format analysis,2026-09-15,https://anantamias.com/upsc-prelims-exam-analysis-2026/,format/case-study/count/relationship architecture cross-check,"Analytical categorisation, not official labeling."
EASEMYPREP-2026,secondary_analysis,Ease My Prep 2026 GS-I deep analysis,2026-05-28,https://easemyprep.in/blog/upsc-prelims-2026-gs1-deep-analysis-pattern-shift,source-family and pattern-shift hypotheses,Third-party analysis; source counts not UPSC disclosure.
SUPERKALAM-2019,secondary_analysis,SuperKalam 2019 analysis,undated/current page,https://superkalam.com/upsc-prelims/previous-year-question-paper/2019/gs-analysis,2019 subject/pattern cross-check,Secondary analysis.
UPSCprep-2023,secondary_analysis,UPSCprep 2023 detailed solutions,2023,https://www.upscprep.com/upsc-prelims-2023-detailed-solution/,question-wise source claims and explanations,Secondary source; claims must be independently verified.
UPSCprep-2024,secondary_analysis,UPSCprep 2024 detailed solution,2024,https://www.upscprep.com/upsc-cse-prelims-2024-general-studies-detailed-solution/,question-wise source claims and explanations,Secondary source; claims must be independently verified.
VISION-2025,secondary_analysis,VisionIAS 2025 detailed analysis,2025-05-20,https://visionias.in/blog/prelims/detailed-analysis-of-upsc-paper-1-gs-prelims-2025,subject/source-type/pattern cross-check,Secondary analysis.
PMF-2027,post_2026_mock,PMF IAS Prelims Cracker 2027,2026-07-01 start,https://www.pmfias.com/test/,post-2026 mock architecture; static/CA/FLT separation,"Provider claims/structure; use as ecosystem evidence, not predictive validity."
TESTBOOK-2027,post_2026_mock,Testbook UPSC CSE Prelims 2027 Mock Test Series,last updated 2026-09-10,https://testbook.com/upsc-civil-services/test-series,post-2026 chapter/subject/CA/full-test architecture,Public catalog; some tests may be gated; do not infer unseen questions.
FORUM-2027,post_2026_mock,ForumIAS PTS 2027,2026-09 batch,https://forumias.com/blog/prelims-test-series/,post-2026 sectional/comprehensive/simulator/CA architecture,Provider schedule structure; question content not assumed where gated.
INSIGHTS-2027,post_2026_mock,InsightsIAS Prelims Test Series 2027 3.0,2026-08-29 start,https://www.insightsias.com/,post-2026 basic→intermediate→full-syllabus architecture + analytics,Provider structure; question-level content not assumed where not public.
CLEARIAS-2027,post_2026_mock,ClearIAS 2027 test series,2026-06 verified page,https://www.clearias.com/upsc-prelims-test-series/,NCERT/standard/CA/full-topic structure,Public catalog; question-level access may require enrollment.
DRISHTI-2027,post_2026_mock,Drishti IAS Pre Prayaas 2027,2026-07-11 first test,https://www.drishtiias.com/,post-2026 public paper/key/result availability signal,Public page lists resources; question-level extraction was not assumed when blocked.
IE-QUIZ-2026,post_2026_quiz,Indian Express UPSC Essentials weekly current affairs quizzes,2026-09,https://indianexpress.com/section/upsc-current-affairs/upsc-essentials/,post-2026 current-affairs question stream / topic signals,Public weekly quizzes; not full mock tests.
