year,questions,Art & Culture,Current Affairs,Economy,Environment & Ecology,Geography,History,International Relations,Polity & Governance,Science & Technology,Sports,negative_stem,explicit_ca,news_cue,mean_stem_words,median_stem_words,mean_statement_count,format_multi_statement,format_single_answer,format_how_many,format_assertion_relationship,format_match_pair
2017,100,4,5,26,16,6,10,1,22,10,0,11,5,11,39.59,39.0,1.56,44,53,0,0,3
2018,100,7,6,20,15,8,15,0,14,15,0,11,6,6,39.72,34.0,1.69,55,42,0,0,3
2019,100,4,2,26,18,9,11,0,14,16,0,17,2,6,39.42,34.0,1.62,43,51,0,0,6
2020,100,2,2,21,19,8,18,0,16,14,0,15,2,1,44.9,48.0,2.21,54,41,0,0,5
2021,100,5,5,15,24,7,15,0,17,12,0,6,5,1,40.32,37.5,1.82,53,46,0,0,1
2022,100,4,10,17,17,12,12,0,11,17,0,11,10,8,45.98,48.0,2.35,61,30,8,0,1
2023,100,6,10,17,15,18,7,1,15,10,1,4,10,4,45.61,46.0,1.75,7,28,47,18,0
2024,100,6,9,15,14,18,4,1,20,13,0,9,9,6,36.85,33.5,1.6,42,27,18,13,0
2025,100,1,6,21,13,13,15,2,13,16,0,11,6,1,51.64,54.0,2.11,41,18,27,14,0
2026,100,8,4,19,9,8,12,10,12,17,0,0,0,0,90.14,87.0,,0,0,0,0,0
