year,Economy,Environment & Ecology,Polity & Governance,Science & Technology,History,Geography,Current Affairs,Art & Culture,International Relations,Sports
2014,14,22,10,17,8,13,3,13,0,0
2015,23,18,12,10,13,11,9,4,0,0
2016,26,22,5,13,12,6,11,5,0,0
2017,26,16,22,10,10,6,5,4,1,0
2018,20,15,14,15,15,8,6,7,0,0
2019,26,18,14,16,11,9,2,4,0,0
2020,21,19,16,14,18,8,2,2,0,0
2021,15,24,17,12,15,7,5,5,0,0
2022,17,17,11,17,12,12,10,4,0,0
2023,17,15,15,10,7,18,10,6,1,1
2024,15,14,20,13,4,18,9,6,1,0
2025,21,13,13,16,15,13,6,1,2,0
