question_id,year,qnum,verification_status,primary_source,primary_source_date,primary_source_url,chronology_check,proposition_verified,source_confidence,notes
UPSC-2026-GS1-Q001,2026,1,UNVERIFIED — question-level source audit pending,,,,PENDING,NO,PENDING,Official 2026 paper exists on UPSC; question-level primary-source attribution is not entered without proposition-level verification.
UPSC-2026-GS1-Q002,2026,2,UNVERIFIED — question-level source audit pending,,,,PENDING,NO,PENDING,Official 2026 paper exists on UPSC; question-level primary-source attribution is not entered without proposition-level verification.
UPSC-2026-GS1-Q003,2026,3,UNVERIFIED — question-level source audit pending,,,,PENDING,NO,PENDING,Official 2026 paper exists on UPSC; question-level primary-source attribution is not entered without proposition-level verification.
UPSC-2026-GS1-Q004,2026,4,UNVERIFIED — question-level source audit pending,,,,PENDING,NO,PENDING,Official 2026 paper exists on UPSC; question-level primary-source attribution is not entered without proposition-level verification.
UPSC-2026-GS1-Q005,2026,5,UNVERIFIED — question-level source audit pending,,,,PENDING,NO,PENDING,Official 2026 paper exists on UPSC; question-level primary-source attribution is not entered without proposition-level verification.
UPSC-2026-GS1-Q006,2026,6,UNVERIFIED — question-level source audit pending,,,,PENDING,NO,PENDING,Official 2026 paper exists on UPSC; question-level primary-source attribution is not entered without proposition-level verification.
UPSC-2026-GS1-Q007,2026,7,UNVERIFIED — question-level source audit pending,,,,PENDING,NO,PENDING,Official 2026 paper exists on UPSC; question-level primary-source attribution is not entered without proposition-level verification.
UPSC-2026-GS1-Q008,2026,8,UNVERIFIED — question-level source audit pending,,,,PENDING,NO,PENDING,Official 2026 paper exists on UPSC; question-level primary-source attribution is not entered without proposition-level verification.
UPSC-2026-GS1-Q009,2026,9,UNVERIFIED — question-level source audit pending,,,,PENDING,NO,PENDING,Official 2026 paper exists on UPSC; question-level primary-source attribution is not entered without proposition-level verification.
UPSC-2026-GS1-Q010,2026,10,UNVERIFIED — question-level source audit pending,,,,PENDING,NO,PENDING,Official 2026 paper exists on UPSC; question-level primary-source attribution is not entered without proposition-level verification.
UPSC-2026-GS1-Q011,2026,11,UNVERIFIED — question-level source audit pending,,,,PENDING,NO,PENDING,Official 2026 paper exists on UPSC; question-level primary-source attribution is not entered without proposition-level verification.
UPSC-2026-GS1-Q012,2026,12,UNVERIFIED — question-level source audit pending,,,,PENDING,NO,PENDING,Official 2026 paper exists on UPSC; question-level primary-source attribution is not entered without proposition-level verification.
UPSC-2026-GS1-Q013,2026,13,UNVERIFIED — question-level source audit pending,,,,PENDING,NO,PENDING,Official 2026 paper exists on UPSC; question-level primary-source attribution is not entered without proposition-level verification.
UPSC-2026-GS1-Q014,2026,14,UNVERIFIED — question-level source audit pending,,,,PENDING,NO,PENDING,Official 2026 paper exists on UPSC; question-level primary-source attribution is not entered without proposition-level verification.
UPSC-2026-GS1-Q015,2026,15,UNVERIFIED — question-level source audit pending,,,,PENDING,NO,PENDING,Official 2026 paper exists on UPSC; question-level primary-source attribution is not entered without proposition-level verification.
UPSC-2026-GS1-Q016,2026,16,UNVERIFIED — question-level source audit pending,,,,PENDING,NO,PENDING,Official 2026 paper exists on UPSC; question-level primary-source attribution is not entered without proposition-level verification.
UPSC-2026-GS1-Q017,2026,17,UNVERIFIED — question-level source audit pending,,,,PENDING,NO,PENDING,Official 2026 paper exists on UPSC; question-level primary-source attribution is not entered without proposition-level verification.
UPSC-2026-GS1-Q018,2026,18,UNVERIFIED — question-level source audit pending,,,,PENDING,NO,PENDING,Official 2026 paper exists on UPSC; question-level primary-source attribution is not entered without proposition-level verification.
UPSC-2026-GS1-Q019,2026,19,UNVERIFIED — question-level source audit pending,,,,PENDING,NO,PENDING,Official 2026 paper exists on UPSC; question-level primary-source attribution is not entered without proposition-level verification.
UPSC-2026-GS1-Q020,2026,20,UNVERIFIED — question-level source audit pending,,,,PENDING,NO,PENDING,Official 2026 paper exists on UPSC; question-level primary-source attribution is not entered without proposition-level verification.
UPSC-2026-GS1-Q021,2026,21,UNVERIFIED — question-level source audit pending,,,,PENDING,NO,PENDING,Official 2026 paper exists on UPSC; question-level primary-source attribution is not entered without proposition-level verification.
UPSC-2026-GS1-Q022,2026,22,UNVERIFIED — question-level source audit pending,,,,PENDING,NO,PENDING,Official 2026 paper exists on UPSC; question-level primary-source attribution is not entered without proposition-level verification.
UPSC-2026-GS1-Q023,2026,23,UNVERIFIED — question-level source audit pending,,,,PENDING,NO,PENDING,Official 2026 paper exists on UPSC; question-level primary-source attribution is not entered without proposition-level verification.
UPSC-2026-GS1-Q024,2026,24,UNVERIFIED — question-level source audit pending,,,,PENDING,NO,PENDING,Official 2026 paper exists on UPSC; question-level primary-source attribution is not entered without proposition-level verification.
UPSC-2026-GS1-Q025,2026,25,UNVERIFIED — question-level source audit pending,,,,PENDING,NO,PENDING,Official 2026 paper exists on UPSC; question-level primary-source attribution is not entered without proposition-level verification.
UPSC-2026-GS1-Q026,2026,26,UNVERIFIED — question-level source audit pending,,,,PENDING,NO,PENDING,Official 2026 paper exists on UPSC; question-level primary-source attribution is not entered without proposition-level verification.
UPSC-2026-GS1-Q027,2026,27,UNVERIFIED — question-level source audit pending,,,,PENDING,NO,PENDING,Official 2026 paper exists on UPSC; question-level primary-source attribution is not entered without proposition-level verification.
UPSC-2026-GS1-Q028,2026,28,UNVERIFIED — question-level source audit pending,,,,PENDING,NO,PENDING,Official 2026 paper exists on UPSC; question-level primary-source attribution is not entered without proposition-level verification.
UPSC-2026-GS1-Q029,2026,29,UNVERIFIED — question-level source audit pending,,,,PENDING,NO,PENDING,Official 2026 paper exists on UPSC; question-level primary-source attribution is not entered without proposition-level verification.
UPSC-2026-GS1-Q030,2026,30,UNVERIFIED — question-level source audit pending,,,,PENDING,NO,PENDING,Official 2026 paper exists on UPSC; question-level primary-source attribution is not entered without proposition-level verification.
UPSC-2026-GS1-Q031,2026,31,UNVERIFIED — question-level source audit pending,,,,PENDING,NO,PENDING,Official 2026 paper exists on UPSC; question-level primary-source attribution is not entered without proposition-level verification.
UPSC-2026-GS1-Q032,2026,32,UNVERIFIED — question-level source audit pending,,,,PENDING,NO,PENDING,Official 2026 paper exists on UPSC; question-level primary-source attribution is not entered without proposition-level verification.
UPSC-2026-GS1-Q033,2026,33,UNVERIFIED — question-level source audit pending,,,,PENDING,NO,PENDING,Official 2026 paper exists on UPSC; question-level primary-source attribution is not entered without proposition-level verification.
UPSC-2026-GS1-Q034,2026,34,UNVERIFIED — question-level source audit pending,,,,PENDING,NO,PENDING,Official 2026 paper exists on UPSC; question-level primary-source attribution is not entered without proposition-level verification.
UPSC-2026-GS1-Q035,2026,35,UNVERIFIED — question-level source audit pending,,,,PENDING,NO,PENDING,Official 2026 paper exists on UPSC; question-level primary-source attribution is not entered without proposition-level verification.
UPSC-2026-GS1-Q036,2026,36,UNVERIFIED — question-level source audit pending,,,,PENDING,NO,PENDING,Official 2026 paper exists on UPSC; question-level primary-source attribution is not entered without proposition-level verification.
UPSC-2026-GS1-Q037,2026,37,UNVERIFIED — question-level source audit pending,,,,PENDING,NO,PENDING,Official 2026 paper exists on UPSC; question-level primary-source attribution is not entered without proposition-level verification.
UPSC-2026-GS1-Q038,2026,38,UNVERIFIED — question-level source audit pending,,,,PENDING,NO,PENDING,Official 2026 paper exists on UPSC; question-level primary-source attribution is not entered without proposition-level verification.
UPSC-2026-GS1-Q039,2026,39,UNVERIFIED — question-level source audit pending,,,,PENDING,NO,PENDING,Official 2026 paper exists on UPSC; question-level primary-source attribution is not entered without proposition-level verification.
UPSC-2026-GS1-Q040,2026,40,UNVERIFIED — question-level source audit pending,,,,PENDING,NO,PENDING,Official 2026 paper exists on UPSC; question-level primary-source attribution is not entered without proposition-level verification.
UPSC-2026-GS1-Q041,2026,41,UNVERIFIED — question-level source audit pending,,,,PENDING,NO,PENDING,Official 2026 paper exists on UPSC; question-level primary-source attribution is not entered without proposition-level verification.
UPSC-2026-GS1-Q042,2026,42,UNVERIFIED — question-level source audit pending,,,,PENDING,NO,PENDING,Official 2026 paper exists on UPSC; question-level primary-source attribution is not entered without proposition-level verification.
UPSC-2026-GS1-Q043,2026,43,UNVERIFIED — question-level source audit pending,,,,PENDING,NO,PENDING,Official 2026 paper exists on UPSC; question-level primary-source attribution is not entered without proposition-level verification.
UPSC-2026-GS1-Q044,2026,44,UNVERIFIED — question-level source audit pending,,,,PENDING,NO,PENDING,Official 2026 paper exists on UPSC; question-level primary-source attribution is not entered without proposition-level verification.
UPSC-2026-GS1-Q045,2026,45,UNVERIFIED — question-level source audit pending,,,,PENDING,NO,PENDING,Official 2026 paper exists on UPSC; question-level primary-source attribution is not entered without proposition-level verification.
UPSC-2026-GS1-Q046,2026,46,UNVERIFIED — question-level source audit pending,,,,PENDING,NO,PENDING,Official 2026 paper exists on UPSC; question-level primary-source attribution is not entered without proposition-level verification.
UPSC-2026-GS1-Q047,2026,47,UNVERIFIED — question-level source audit pending,,,,PENDING,NO,PENDING,Official 2026 paper exists on UPSC; question-level primary-source attribution is not entered without proposition-level verification.
UPSC-2026-GS1-Q048,2026,48,UNVERIFIED — question-level source audit pending,,,,PENDING,NO,PENDING,Official 2026 paper exists on UPSC; question-level primary-source attribution is not entered without proposition-level verification.
UPSC-2026-GS1-Q049,2026,49,UNVERIFIED — question-level source audit pending,,,,PENDING,NO,PENDING,Official 2026 paper exists on UPSC; question-level primary-source attribution is not entered without proposition-level verification.
UPSC-2026-GS1-Q050,2026,50,UNVERIFIED — question-level source audit pending,,,,PENDING,NO,PENDING,Official 2026 paper exists on UPSC; question-level primary-source attribution is not entered without proposition-level verification.
UPSC-2026-GS1-Q051,2026,51,UNVERIFIED — question-level source audit pending,,,,PENDING,NO,PENDING,Official 2026 paper exists on UPSC; question-level primary-source attribution is not entered without proposition-level verification.
UPSC-2026-GS1-Q052,2026,52,UNVERIFIED — question-level source audit pending,,,,PENDING,NO,PENDING,Official 2026 paper exists on UPSC; question-level primary-source attribution is not entered without proposition-level verification.
UPSC-2026-GS1-Q053,2026,53,UNVERIFIED — question-level source audit pending,,,,PENDING,NO,PENDING,Official 2026 paper exists on UPSC; question-level primary-source attribution is not entered without proposition-level verification.
UPSC-2026-GS1-Q054,2026,54,UNVERIFIED — question-level source audit pending,,,,PENDING,NO,PENDING,Official 2026 paper exists on UPSC; question-level primary-source attribution is not entered without proposition-level verification.
UPSC-2026-GS1-Q055,2026,55,UNVERIFIED — question-level source audit pending,,,,PENDING,NO,PENDING,Official 2026 paper exists on UPSC; question-level primary-source attribution is not entered without proposition-level verification.
UPSC-2026-GS1-Q056,2026,56,UNVERIFIED — question-level source audit pending,,,,PENDING,NO,PENDING,Official 2026 paper exists on UPSC; question-level primary-source attribution is not entered without proposition-level verification.
UPSC-2026-GS1-Q057,2026,57,UNVERIFIED — question-level source audit pending,,,,PENDING,NO,PENDING,Official 2026 paper exists on UPSC; question-level primary-source attribution is not entered without proposition-level verification.
UPSC-2026-GS1-Q058,2026,58,UNVERIFIED — question-level source audit pending,,,,PENDING,NO,PENDING,Official 2026 paper exists on UPSC; question-level primary-source attribution is not entered without proposition-level verification.
UPSC-2026-GS1-Q059,2026,59,UNVERIFIED — question-level source audit pending,,,,PENDING,NO,PENDING,Official 2026 paper exists on UPSC; question-level primary-source attribution is not entered without proposition-level verification.
UPSC-2026-GS1-Q060,2026,60,UNVERIFIED — question-level source audit pending,,,,PENDING,NO,PENDING,Official 2026 paper exists on UPSC; question-level primary-source attribution is not entered without proposition-level verification.
UPSC-2026-GS1-Q061,2026,61,UNVERIFIED — question-level source audit pending,,,,PENDING,NO,PENDING,Official 2026 paper exists on UPSC; question-level primary-source attribution is not entered without proposition-level verification.
UPSC-2026-GS1-Q062,2026,62,UNVERIFIED — question-level source audit pending,,,,PENDING,NO,PENDING,Official 2026 paper exists on UPSC; question-level primary-source attribution is not entered without proposition-level verification.
UPSC-2026-GS1-Q063,2026,63,UNVERIFIED — question-level source audit pending,,,,PENDING,NO,PENDING,Official 2026 paper exists on UPSC; question-level primary-source attribution is not entered without proposition-level verification.
UPSC-2026-GS1-Q064,2026,64,UNVERIFIED — question-level source audit pending,,,,PENDING,NO,PENDING,Official 2026 paper exists on UPSC; question-level primary-source attribution is not entered without proposition-level verification.
UPSC-2026-GS1-Q065,2026,65,UNVERIFIED — question-level source audit pending,,,,PENDING,NO,PENDING,Official 2026 paper exists on UPSC; question-level primary-source attribution is not entered without proposition-level verification.
UPSC-2026-GS1-Q066,2026,66,UNVERIFIED — question-level source audit pending,,,,PENDING,NO,PENDING,Official 2026 paper exists on UPSC; question-level primary-source attribution is not entered without proposition-level verification.
UPSC-2026-GS1-Q067,2026,67,UNVERIFIED — question-level source audit pending,,,,PENDING,NO,PENDING,Official 2026 paper exists on UPSC; question-level primary-source attribution is not entered without proposition-level verification.
UPSC-2026-GS1-Q068,2026,68,UNVERIFIED — question-level source audit pending,,,,PENDING,NO,PENDING,Official 2026 paper exists on UPSC; question-level primary-source attribution is not entered without proposition-level verification.
UPSC-2026-GS1-Q069,2026,69,UNVERIFIED — question-level source audit pending,,,,PENDING,NO,PENDING,Official 2026 paper exists on UPSC; question-level primary-source attribution is not entered without proposition-level verification.
UPSC-2026-GS1-Q070,2026,70,UNVERIFIED — question-level source audit pending,,,,PENDING,NO,PENDING,Official 2026 paper exists on UPSC; question-level primary-source attribution is not entered without proposition-level verification.
UPSC-2026-GS1-Q071,2026,71,UNVERIFIED — question-level source audit pending,,,,PENDING,NO,PENDING,Official 2026 paper exists on UPSC; question-level primary-source attribution is not entered without proposition-level verification.
UPSC-2026-GS1-Q072,2026,72,UNVERIFIED — question-level source audit pending,,,,PENDING,NO,PENDING,Official 2026 paper exists on UPSC; question-level primary-source attribution is not entered without proposition-level verification.
UPSC-2026-GS1-Q073,2026,73,UNVERIFIED — question-level source audit pending,,,,PENDING,NO,PENDING,Official 2026 paper exists on UPSC; question-level primary-source attribution is not entered without proposition-level verification.
UPSC-2026-GS1-Q074,2026,74,UNVERIFIED — question-level source audit pending,,,,PENDING,NO,PENDING,Official 2026 paper exists on UPSC; question-level primary-source attribution is not entered without proposition-level verification.
UPSC-2026-GS1-Q075,2026,75,UNVERIFIED — question-level source audit pending,,,,PENDING,NO,PENDING,Official 2026 paper exists on UPSC; question-level primary-source attribution is not entered without proposition-level verification.
UPSC-2026-GS1-Q076,2026,76,UNVERIFIED — question-level source audit pending,,,,PENDING,NO,PENDING,Official 2026 paper exists on UPSC; question-level primary-source attribution is not entered without proposition-level verification.
UPSC-2026-GS1-Q077,2026,77,UNVERIFIED — question-level source audit pending,,,,PENDING,NO,PENDING,Official 2026 paper exists on UPSC; question-level primary-source attribution is not entered without proposition-level verification.
UPSC-2026-GS1-Q078,2026,78,UNVERIFIED — question-level source audit pending,,,,PENDING,NO,PENDING,Official 2026 paper exists on UPSC; question-level primary-source attribution is not entered without proposition-level verification.
UPSC-2026-GS1-Q079,2026,79,UNVERIFIED — question-level source audit pending,,,,PENDING,NO,PENDING,Official 2026 paper exists on UPSC; question-level primary-source attribution is not entered without proposition-level verification.
UPSC-2026-GS1-Q080,2026,80,UNVERIFIED — question-level source audit pending,,,,PENDING,NO,PENDING,Official 2026 paper exists on UPSC; question-level primary-source attribution is not entered without proposition-level verification.
UPSC-2026-GS1-Q081,2026,81,UNVERIFIED — question-level source audit pending,,,,PENDING,NO,PENDING,Official 2026 paper exists on UPSC; question-level primary-source attribution is not entered without proposition-level verification.
UPSC-2026-GS1-Q082,2026,82,UNVERIFIED — question-level source audit pending,,,,PENDING,NO,PENDING,Official 2026 paper exists on UPSC; question-level primary-source attribution is not entered without proposition-level verification.
UPSC-2026-GS1-Q083,2026,83,UNVERIFIED — question-level source audit pending,,,,PENDING,NO,PENDING,Official 2026 paper exists on UPSC; question-level primary-source attribution is not entered without proposition-level verification.
UPSC-2026-GS1-Q084,2026,84,UNVERIFIED — question-level source audit pending,,,,PENDING,NO,PENDING,Official 2026 paper exists on UPSC; question-level primary-source attribution is not entered without proposition-level verification.
UPSC-2026-GS1-Q085,2026,85,UNVERIFIED — question-level source audit pending,,,,PENDING,NO,PENDING,Official 2026 paper exists on UPSC; question-level primary-source attribution is not entered without proposition-level verification.
UPSC-2026-GS1-Q086,2026,86,UNVERIFIED — question-level source audit pending,,,,PENDING,NO,PENDING,Official 2026 paper exists on UPSC; question-level primary-source attribution is not entered without proposition-level verification.
UPSC-2026-GS1-Q087,2026,87,UNVERIFIED — question-level source audit pending,,,,PENDING,NO,PENDING,Official 2026 paper exists on UPSC; question-level primary-source attribution is not entered without proposition-level verification.
UPSC-2026-GS1-Q088,2026,88,UNVERIFIED — question-level source audit pending,,,,PENDING,NO,PENDING,Official 2026 paper exists on UPSC; question-level primary-source attribution is not entered without proposition-level verification.
UPSC-2026-GS1-Q089,2026,89,UNVERIFIED — question-level source audit pending,,,,PENDING,NO,PENDING,Official 2026 paper exists on UPSC; question-level primary-source attribution is not entered without proposition-level verification.
UPSC-2026-GS1-Q090,2026,90,UNVERIFIED — question-level source audit pending,,,,PENDING,NO,PENDING,Official 2026 paper exists on UPSC; question-level primary-source attribution is not entered without proposition-level verification.
UPSC-2026-GS1-Q091,2026,91,UNVERIFIED — question-level source audit pending,,,,PENDING,NO,PENDING,Official 2026 paper exists on UPSC; question-level primary-source attribution is not entered without proposition-level verification.
UPSC-2026-GS1-Q092,2026,92,UNVERIFIED — question-level source audit pending,,,,PENDING,NO,PENDING,Official 2026 paper exists on UPSC; question-level primary-source attribution is not entered without proposition-level verification.
UPSC-2026-GS1-Q093,2026,93,UNVERIFIED — question-level source audit pending,,,,PENDING,NO,PENDING,Official 2026 paper exists on UPSC; question-level primary-source attribution is not entered without proposition-level verification.
UPSC-2026-GS1-Q094,2026,94,UNVERIFIED — question-level source audit pending,,,,PENDING,NO,PENDING,Official 2026 paper exists on UPSC; question-level primary-source attribution is not entered without proposition-level verification.
UPSC-2026-GS1-Q095,2026,95,UNVERIFIED — question-level source audit pending,,,,PENDING,NO,PENDING,Official 2026 paper exists on UPSC; question-level primary-source attribution is not entered without proposition-level verification.
UPSC-2026-GS1-Q096,2026,96,UNVERIFIED — question-level source audit pending,,,,PENDING,NO,PENDING,Official 2026 paper exists on UPSC; question-level primary-source attribution is not entered without proposition-level verification.
UPSC-2026-GS1-Q097,2026,97,UNVERIFIED — question-level source audit pending,,,,PENDING,NO,PENDING,Official 2026 paper exists on UPSC; question-level primary-source attribution is not entered without proposition-level verification.
UPSC-2026-GS1-Q098,2026,98,UNVERIFIED — question-level source audit pending,,,,PENDING,NO,PENDING,Official 2026 paper exists on UPSC; question-level primary-source attribution is not entered without proposition-level verification.
UPSC-2026-GS1-Q099,2026,99,UNVERIFIED — question-level source audit pending,,,,PENDING,NO,PENDING,Official 2026 paper exists on UPSC; question-level primary-source attribution is not entered without proposition-level verification.
UPSC-2026-GS1-Q100,2026,100,UNVERIFIED — question-level source audit pending,,,,PENDING,NO,PENDING,Official 2026 paper exists on UPSC; question-level primary-source attribution is not entered without proposition-level verification.
