year,subject,questions
2017,Economy,26
2017,Polity & Governance,22
2017,Environment & Ecology,16
2017,History,10
2017,Science & Technology,10
2017,Geography,6
2017,Current Affairs,5
2017,Art & Culture,4
2017,International Relations,1
2018,Economy,20
2018,Environment & Ecology,15
2018,History,15
2018,Science & Technology,15
2018,Polity & Governance,14
2018,Geography,8
2018,Art & Culture,7
2018,Current Affairs,6
2019,Economy,26
2019,Environment & Ecology,18
2019,Science & Technology,16
2019,Polity & Governance,14
2019,History,11
2019,Geography,9
2019,Art & Culture,4
2019,Current Affairs,2
2020,Economy,21
2020,Environment & Ecology,19
2020,History,18
2020,Polity & Governance,16
2020,Science & Technology,14
2020,Geography,8
2020,Art & Culture,2
2020,Current Affairs,2
2021,Environment & Ecology,24
2021,Polity & Governance,17
2021,Economy,15
2021,History,15
2021,Science & Technology,12
2021,Geography,7
2021,Art & Culture,5
2021,Current Affairs,5
2022,Economy,17
2022,Environment & Ecology,17
2022,Science & Technology,17
2022,Geography,12
2022,History,12
2022,Polity & Governance,11
2022,Current Affairs,10
2022,Art & Culture,4
2023,Geography,18
2023,Economy,17
2023,Environment & Ecology,15
2023,Polity & Governance,15
2023,Current Affairs,10
2023,Science & Technology,10
2023,History,7
2023,Art & Culture,6
2023,International Relations,1
2023,Sports,1
2024,Polity & Governance,20
2024,Geography,18
2024,Economy,15
2024,Environment & Ecology,14
2024,Science & Technology,13
2024,Current Affairs,9
2024,Art & Culture,6
2024,History,4
2024,International Relations,1
2025,Economy,21
2025,Science & Technology,16
2025,History,15
2025,Environment & Ecology,13
2025,Geography,13
2025,Polity & Governance,13
2025,Current Affairs,6
2025,International Relations,2
2025,Art & Culture,1
