year,source,source_role,url,research_use
2017,UPSC official archive,Primary paper source,https://www.upsc.gov.in/examinations/previous-question-papers/archives,Official GS-I paper listing
2017,BYJU'S,Secondary question-wise analysis,https://byjus.com/free-ias-prep/2017-upsc-prelims-gs-paper-1-questions-analysis/,Subject/difficulty/static-dynamic analysis; not setter-source proof
2017,ClearIAS,Secondary question paper transcription,https://www.clearias.com/upsc-cse-prelims-2017-question-paper-general-studies-paper-1/,Question-text cross-check
2018,UPSC official archive,Primary paper source,https://www.upsc.gov.in/examinations/previous-question-papers/archives,Official GS-I paper listing
2018,UnlockIAS,Secondary question-wise paper/analysis,https://www.unlockias.in/upsc-prelims-pyq/2018,Question/answer and analytical cross-check
2018,UPSCPrelimsTest,Secondary structured analysis,https://upscprelimstest.com/pyq/2018/analysis,Subject/topic distribution; not setter-source proof
2019,UPSC official archive,Primary paper source,https://www.upsc.gov.in/examinations/previous-question-papers/archives,Official GS-I paper listing
2019,BYJU'S,Secondary subject analysis,https://byjus.com/free-ias-prep/upsc-prelims-paper-analysis/,Subject/topic analysis; not setter-source proof
2019,ClearIAS,Secondary question paper transcription,https://www.clearias.com/upsc-civil-services-preliminary-exam-2019-question-paper-general-studies-paper-1/,Question-text cross-check
2020,UPSC official archive,Primary paper source,https://www.upsc.gov.in/examinations/previous-question-papers/archives,Official GS-I paper listing
2020,UnlockIAS,Secondary question-wise paper/analysis,https://www.unlockias.in/upsc-prelims-pyq/2020,Question/answer and analytical cross-check
2021,UPSC official archive,Primary paper source,https://www.upsc.gov.in/examinations/previous-question-papers/archives,Official GS-I paper listing
2021,ClearIAS,Secondary analysis,https://www.clearias.com/upsc-prelims-2021-question-paper-1/,Pattern/difficulty analysis; not setter-source proof
2022,UPSC official archive,Primary paper source,https://www.upsc.gov.in/examinations/previous-question-papers/archives,Official GS-I paper listing
2022,IASGenius,Secondary question paper transcription,https://iasgenius.com/ias-prelims-archive-1979-2025/ias-prelims-2022-gs-paper-i-question-paper-set-a/,Question-text cross-check
2023,UPSC official archive,Primary paper source,https://www.upsc.gov.in/examinations/previous-question-papers/archives,Official GS-I paper listing
2023,ClearIAS,Secondary question paper transcription,https://www.clearias.com/upsc-prelims-2023-questions-general-studies-paper-1/,Question/answer cross-check
2024,UPSC official archive,Primary paper source,https://www.upsc.gov.in/examinations/previous-question-papers,Official GS-I paper listing
2024,UnlockIAS,Secondary question-wise paper/analysis,https://www.unlockias.in/upsc-prelims-pyq/2024,Question/answer and analytical cross-check
2025,UPSC official archive,Primary paper source,https://www.upsc.gov.in/examinations/previous-question-papers,Official GS-I paper listing
2025,IASGenius,Secondary question paper transcription,https://iasgenius.com/ias-prelims-archive-1979-2025/ias-prelims-2025-gs-paper-i-question-paper/,Question-text cross-check
2026,UPSC official exam page,Primary paper source,https://www.upsc.gov.in/examinations/Civil%20Services%20%28Preliminary%29%20Examination%2C%202026,Official 2026 GS-I upload dated 25 May 2026
2026,UPSC official archive,Primary paper source,https://www.upsc.gov.in/examinations/previous-question-papers,Official 2026 GS-I repository
2026,PIB,Official source-policy statement,https://www.pib.gov.in/PressReleasePage.aspx?PRID=2265884&lang=1&reg=1,"UPSC states references may be traced to standard textbooks, journals, govt websites/releases and reputed newspapers"
2026,Legacy IAS,Secondary complete source mapping,https://www.legacyias.com/upsc-prelims-2026-gs-paper-1-question-source-mapping/,All-100 source mapping; claims require proposition-level primary verification
